unidade_id,probabilidade_falha,classe_prevista
OP00001,0.075,0
OP00002,0.055,0
OP00003,0.045,0
OP00004,0.03,0
OP00005,0.07,0
OP00006,0.11,0
OP00007,0.095,0
OP00008,0.04,0
OP00009,0.08,0
OP00010,0.085,0
OP00011,0.045,0
OP00012,0.03,0
OP00013,0.125,0
OP00014,0.04,0
OP00015,0.07,0
OP00016,0.06,0
OP00017,0.06,0
OP00018,0.045,0
OP00019,0.07,0
OP00020,0.19,0
OP00021,0.255,0
OP00022,0.035,0
OP00023,0.19,0
OP00024,0.045,0
OP00025,0.045,0
OP00026,0.1,0
OP00027,0.035,0
OP00028,0.045,0
OP00029,0.13,0
OP00030,0.175,0
OP00031,0.06,0
OP00032,0.01,0
OP00033,0.035,0
OP00034,0.035,0
OP00035,0.165,0
OP00036,0.29,0
OP00037,0.11,0
OP00038,0.005,0
OP00039,0.1,0
OP00040,0.005,0
OP00041,0.11,0
OP00042,0.14,0
OP00043,0.01,0
OP00044,0.045,0
OP00045,0.02,0
OP00046,0.25,0
OP00047,0.06,0
OP00048,0.335,0
OP00049,0.125,0
OP00050,0.795,1
OP00051,0.04,0
OP00052,0.115,0
OP00053,0.04,0
OP00054,0.035,0
OP00055,0.005,0
OP00056,0.02,0
OP00057,0.275,0
OP00058,0.02,0
OP00059,0.055,0
OP00060,0.06,0
OP00061,0.06,0
OP00062,0.035,0
OP00063,0.135,0
OP00064,0.01,0
OP00065,0.21,0
OP00066,0.01,0
OP00067,0.05,0
OP00068,0.01,0
OP00069,0.06,0
OP00070,0.15,0
OP00071,0.19,0
OP00072,0.215,0
OP00073,0.125,0
OP00074,0.21,0
OP00075,0.035,0
OP00076,0.04,0
OP00077,0.035,0
OP00078,0.025,0
OP00079,0.09,0
OP00080,0.025,0
OP00081,0.11,0
OP00082,0.145,0
OP00083,0.09,0
OP00084,0.045,0
OP00085,0.085,0
OP00086,0.045,0
OP00087,0.21,0
OP00088,0.07,0
OP00089,0.06,0
OP00090,0.625,1
OP00091,0.155,0
OP00092,0.1,0
OP00093,0.24,0
OP00094,0.0,0
OP00095,0.0,0
OP00096,0.035,0
OP00097,0.175,0
OP00098,0.065,0
OP00099,0.035,0
OP00100,0.04,0
OP00101,0.055,0
OP00102,0.01,0
OP00103,0.145,0
OP00104,0.785,1
OP00105,0.125,0
OP00106,0.13,0
OP00107,0.05,0
OP00108,0.165,0
OP00109,0.09,0
OP00110,0.06,0
OP00111,0.055,0
OP00112,0.09,0
OP00113,0.04,0
OP00114,0.045,0
OP00115,0.01,0
OP00116,0.745,1
OP00117,0.08,0
OP00118,0.175,0
OP00119,0.005,0
OP00120,0.005,0
OP00121,0.085,0
OP00122,0.03,0
OP00123,0.035,0
OP00124,0.235,0
OP00125,0.035,0
OP00126,0.035,0
OP00127,0.07,0
OP00128,0.07,0
OP00129,0.04,0
OP00130,0.085,0
OP00131,0.085,0
OP00132,0.285,0
OP00133,0.095,0
OP00134,0.05,0
OP00135,0.18,0
OP00136,0.06,0
OP00137,0.145,0
OP00138,0.01,0
OP00139,0.115,0
OP00140,0.235,0
OP00141,0.02,0
OP00142,0.02,0
OP00143,0.075,0
OP00144,0.125,0
OP00145,0.04,0
OP00146,0.17,0
OP00147,0.1,0
OP00148,0.125,0
OP00149,0.045,0
OP00150,0.14,0
OP00151,0.115,0
OP00152,0.02,0
OP00153,0.015,0
OP00154,0.055,0
OP00155,0.03,0
OP00156,0.085,0
OP00157,0.075,0
OP00158,0.0,0
OP00159,0.025,0
OP00160,0.015,0
OP00161,0.165,0
OP00162,0.075,0
OP00163,0.075,0
OP00164,0.005,0
OP00165,0.155,0
OP00166,0.085,0
OP00167,0.06,0
OP00168,0.005,0
OP00169,0.16,0
OP00170,0.055,0
OP00171,0.26,0
OP00172,0.045,0
OP00173,0.04,0
OP00174,0.01,0
OP00175,0.35,1
OP00176,0.055,0
OP00177,0.155,0
OP00178,0.045,0
OP00179,0.145,0
OP00180,0.085,0
OP00181,0.0,0
OP00182,0.035,0
OP00183,0.03,0
OP00184,0.17,0
OP00185,0.025,0
OP00186,0.005,0
OP00187,0.135,0
OP00188,0.12,0
OP00189,0.03,0
OP00190,0.05,0
OP00191,0.05,0
OP00192,0.145,0
OP00193,0.02,0
OP00194,0.115,0
OP00195,0.02,0
OP00196,0.03,0
OP00197,0.115,0
OP00198,0.09,0
OP00199,0.195,0
OP00200,0.035,0
OP00201,0.145,0
OP00202,0.065,0
OP00203,0.075,0
OP00204,0.02,0
OP00205,0.21,0
OP00206,0.2,0
OP00207,0.035,0
OP00208,0.155,0
OP00209,0.68,1
OP00210,0.04,0
OP00211,0.21,0
OP00212,0.05,0
OP00213,0.125,0
OP00214,0.05,0
OP00215,0.015,0
OP00216,0.04,0
OP00217,0.045,0
OP00218,0.31,0
OP00219,0.185,0
OP00220,0.075,0
OP00221,0.07,0
OP00222,0.08,0
OP00223,0.115,0
OP00224,0.2,0
OP00225,0.0,0
OP00226,0.05,0
OP00227,0.03,0
OP00228,0.055,0
OP00229,0.065,0
OP00230,0.165,0
OP00231,0.055,0
OP00232,0.16,0
OP00233,0.035,0
OP00234,0.06,0
OP00235,0.18,0
OP00236,0.11,0
OP00237,0.09,0
OP00238,0.035,0
OP00239,0.09,0
OP00240,0.03,0
OP00241,0.175,0
OP00242,0.01,0
OP00243,0.05,0
OP00244,0.57,1
OP00245,0.03,0
OP00246,0.15,0
OP00247,0.155,0
OP00248,0.035,0
OP00249,0.085,0
OP00250,0.555,1
OP00251,0.035,0
OP00252,0.155,0
OP00253,0.07,0
OP00254,0.065,0
OP00255,0.015,0
OP00256,0.775,1
OP00257,0.105,0
OP00258,0.165,0
OP00259,0.08,0
OP00260,0.075,0
OP00261,0.075,0
OP00262,0.04,0
OP00263,0.095,0
OP00264,0.37,1
OP00265,0.04,0
OP00266,0.05,0
OP00267,0.125,0
OP00268,0.07,0
OP00269,0.07,0
OP00270,0.03,0
OP00271,0.105,0
OP00272,0.05,0
OP00273,0.015,0
OP00274,0.145,0
OP00275,0.17,0
OP00276,0.02,0
OP00277,0.03,0
OP00278,0.455,1
OP00279,0.12,0
OP00280,0.685,1
OP00281,0.035,0
OP00282,0.125,0
OP00283,0.015,0
OP00284,0.03,0
OP00285,0.025,0
OP00286,0.135,0
OP00287,0.125,0
OP00288,0.11,0
OP00289,0.015,0
OP00290,0.115,0
OP00291,0.1,0
OP00292,0.06,0
OP00293,0.03,0
OP00294,0.05,0
OP00295,0.03,0
OP00296,0.115,0
OP00297,0.045,0
OP00298,0.05,0
OP00299,0.0,0
OP00300,0.04,0
OP00301,0.125,0
OP00302,0.09,0
OP00303,0.02,0
OP00304,0.045,0
OP00305,0.185,0
OP00306,0.055,0
OP00307,0.185,0
OP00308,0.095,0
OP00309,0.39,1
OP00310,0.005,0
OP00311,0.06,0
OP00312,0.405,1
OP00313,0.04,0
OP00314,0.12,0
OP00315,0.15,0
OP00316,0.115,0
OP00317,0.06,0
OP00318,0.03,0
OP00319,0.045,0
OP00320,0.07,0
OP00321,0.01,0
OP00322,0.545,1
OP00323,0.135,0
OP00324,0.035,0
OP00325,0.11,0
OP00326,0.345,0
OP00327,0.805,1
OP00328,0.14,0
OP00329,0.135,0
OP00330,0.065,0
OP00331,0.045,0
OP00332,0.15,0
OP00333,0.11,0
OP00334,0.145,0
OP00335,0.09,0
OP00336,0.305,0
OP00337,0.1,0
OP00338,0.155,0
OP00339,0.41,1
OP00340,0.04,0
OP00341,0.04,0
OP00342,0.265,0
OP00343,0.065,0
OP00344,0.065,0
OP00345,0.015,0
OP00346,0.2,0
OP00347,0.06,0
OP00348,0.08,0
OP00349,0.68,1
OP00350,0.06,0
OP00351,0.15,0
OP00352,0.08,0
OP00353,0.43,1
OP00354,0.075,0
OP00355,0.03,0
OP00356,0.0,0
OP00357,0.01,0
OP00358,0.095,0
OP00359,0.035,0
OP00360,0.06,0
OP00361,0.14,0
OP00362,0.1,0
OP00363,0.125,0
OP00364,0.025,0
OP00365,0.305,0
OP00366,0.075,0
OP00367,0.045,0
OP00368,0.02,0
OP00369,0.035,0
OP00370,0.165,0
OP00371,0.2,0
OP00372,0.06,0
OP00373,0.015,0
OP00374,0.155,0
OP00375,0.03,0
OP00376,0.055,0
OP00377,0.005,0
OP00378,0.2,0
OP00379,0.155,0
OP00380,0.055,0
OP00381,0.025,0
OP00382,0.1,0
OP00383,0.03,0
OP00384,0.065,0
OP00385,0.07,0
OP00386,0.145,0
OP00387,0.26,0
OP00388,0.105,0
OP00389,0.04,0
OP00390,0.19,0
OP00391,0.05,0
OP00392,0.065,0
OP00393,0.11,0
OP00394,0.05,0
OP00395,0.035,0
OP00396,0.055,0
OP00397,0.025,0
OP00398,0.06,0
OP00399,0.0,0
OP00400,0.085,0
OP00401,0.18,0
OP00402,0.085,0
OP00403,0.055,0
OP00404,0.075,0
OP00405,0.065,0
OP00406,0.235,0
OP00407,0.075,0
OP00408,0.06,0
OP00409,0.13,0
OP00410,0.035,0
OP00411,0.265,0
OP00412,0.01,0
OP00413,0.095,0
OP00414,0.085,0
OP00415,0.025,0
OP00416,0.16,0
OP00417,0.115,0
OP00418,0.055,0
OP00419,0.07,0
OP00420,0.09,0
OP00421,0.635,1
OP00422,0.22,0
OP00423,0.205,0
OP00424,0.02,0
OP00425,0.075,0
OP00426,0.125,0
OP00427,0.05,0
OP00428,0.085,0
OP00429,0.21,0
OP00430,0.08,0
OP00431,0.025,0
OP00432,0.21,0
OP00433,0.095,0
OP00434,0.09,0
OP00435,0.11,0
OP00436,0.025,0
OP00437,0.055,0
OP00438,0.04,0
OP00439,0.035,0
OP00440,0.065,0
OP00441,0.075,0
OP00442,0.065,0
OP00443,0.075,0
OP00444,0.275,0
OP00445,0.065,0
OP00446,0.025,0
OP00447,0.05,0
OP00448,0.06,0
OP00449,0.06,0
OP00450,0.115,0
OP00451,0.12,0
OP00452,0.09,0
OP00453,0.19,0
OP00454,0.075,0
OP00455,0.155,0
OP00456,0.165,0
OP00457,0.05,0
OP00458,0.1,0
OP00459,0.085,0
OP00460,0.035,0
OP00461,0.06,0
OP00462,0.015,0
OP00463,0.02,0
OP00464,0.05,0
OP00465,0.045,0
OP00466,0.175,0
OP00467,0.09,0
OP00468,0.07,0
OP00469,0.205,0
OP00470,0.21,0
OP00471,0.01,0
OP00472,0.055,0
OP00473,0.185,0
OP00474,0.095,0
OP00475,0.015,0
OP00476,0.105,0
OP00477,0.105,0
OP00478,0.155,0
OP00479,0.03,0
OP00480,0.135,0
OP00481,0.15,0
OP00482,0.025,0
OP00483,0.355,1
OP00484,0.06,0
OP00485,0.15,0
OP00486,0.06,0
OP00487,0.06,0
OP00488,0.095,0
OP00489,0.12,0
OP00490,0.045,0
OP00491,0.04,0
OP00492,0.03,0
OP00493,0.155,0
OP00494,0.085,0
OP00495,0.01,0
OP00496,0.015,0
OP00497,0.145,0
OP00498,0.145,0
OP00499,0.09,0
OP00500,0.13,0
OP00501,0.1,0
OP00502,0.1,0
OP00503,0.07,0
OP00504,0.04,0
OP00505,0.12,0
OP00506,0.005,0
OP00507,0.06,0
OP00508,0.04,0
OP00509,0.1,0
OP00510,0.125,0
OP00511,0.1,0
OP00512,0.025,0
OP00513,0.03,0
OP00514,0.165,0
OP00515,0.07,0
OP00516,0.14,0
OP00517,0.035,0
OP00518,0.05,0
OP00519,0.14,0
OP00520,0.28,0
OP00521,0.09,0
OP00522,0.17,0
OP00523,0.04,0
OP00524,0.05,0
OP00525,0.17,0
OP00526,0.045,0
OP00527,0.09,0
OP00528,0.205,0
OP00529,0.06,0
OP00530,0.05,0
OP00531,0.06,0
OP00532,0.03,0
OP00533,0.15,0
OP00534,0.185,0
OP00535,0.04,0
OP00536,0.175,0
OP00537,0.69,1
OP00538,0.145,0
OP00539,0.09,0
OP00540,0.01,0
OP00541,0.025,0
OP00542,0.165,0
OP00543,0.04,0
OP00544,0.075,0
OP00545,0.035,0
OP00546,0.055,0
OP00547,0.115,0
OP00548,0.08,0
OP00549,0.18,0
OP00550,0.015,0
OP00551,0.045,0
OP00552,0.055,0
OP00553,0.04,0
OP00554,0.08,0
OP00555,0.155,0
OP00556,0.125,0
OP00557,0.095,0
OP00558,0.065,0
OP00559,0.14,0
OP00560,0.07,0
OP00561,0.42,1
OP00562,0.045,0
OP00563,0.145,0
OP00564,0.015,0
OP00565,0.135,0
OP00566,0.025,0
OP00567,0.185,0
OP00568,0.02,0
OP00569,0.08,0
OP00570,0.195,0
OP00571,0.105,0
OP00572,0.03,0
OP00573,0.135,0
OP00574,0.115,0
OP00575,0.035,0
OP00576,0.045,0
OP00577,0.07,0
OP00578,0.075,0
OP00579,0.025,0
OP00580,0.05,0
OP00581,0.035,0
OP00582,0.015,0
OP00583,0.03,0
OP00584,0.075,0
OP00585,0.025,0
OP00586,0.025,0
OP00587,0.12,0
OP00588,0.26,0
OP00589,0.095,0
OP00590,0.015,0
OP00591,0.115,0
OP00592,0.12,0
OP00593,0.045,0
OP00594,0.05,0
OP00595,0.085,0
OP00596,0.05,0
OP00597,0.01,0
OP00598,0.13,0
OP00599,0.045,0
OP00600,0.055,0
OP00601,0.085,0
OP00602,0.225,0
OP00603,0.065,0
OP00604,0.135,0
OP00605,0.155,0
OP00606,0.06,0
OP00607,0.04,0
OP00608,0.03,0
OP00609,0.015,0
OP00610,0.24,0
OP00611,0.1,0
OP00612,0.01,0
OP00613,0.085,0
OP00614,0.28,0
OP00615,0.185,0
OP00616,0.235,0
OP00617,0.12,0
OP00618,0.1,0
OP00619,0.02,0
OP00620,0.015,0
OP00621,0.04,0
OP00622,0.15,0
OP00623,0.04,0
OP00624,0.025,0
OP00625,0.025,0
OP00626,0.04,0
OP00627,0.1,0
OP00628,0.045,0
OP00629,0.015,0
OP00630,0.15,0
OP00631,0.045,0
OP00632,0.05,0
OP00633,0.06,0
OP00634,0.01,0
OP00635,0.055,0
OP00636,0.025,0
OP00637,0.04,0
OP00638,0.1,0
OP00639,0.045,0
OP00640,0.345,0
OP00641,0.13,0
OP00642,0.27,0
OP00643,0.645,1
OP00644,0.28,0
OP00645,0.03,0
OP00646,0.03,0
OP00647,0.035,0
OP00648,0.07,0
OP00649,0.05,0
OP00650,0.115,0
OP00651,0.1,0
OP00652,0.07,0
OP00653,0.085,0
OP00654,0.06,0
OP00655,0.075,0
OP00656,0.11,0
OP00657,0.14,0
OP00658,0.075,0
OP00659,0.04,0
OP00660,0.31,0
OP00661,0.03,0
OP00662,0.22,0
OP00663,0.075,0
OP00664,0.14,0
OP00665,0.07,0
OP00666,0.03,0
OP00667,0.09,0
OP00668,0.14,0
OP00669,0.095,0
OP00670,0.11,0
OP00671,0.025,0
OP00672,0.045,0
OP00673,0.035,0
OP00674,0.145,0
OP00675,0.25,0
OP00676,0.015,0
OP00677,0.03,0
OP00678,0.12,0
OP00679,0.015,0
OP00680,0.03,0
OP00681,0.195,0
OP00682,0.055,0
OP00683,0.02,0
OP00684,0.085,0
OP00685,0.155,0
OP00686,0.035,0
OP00687,0.155,0
OP00688,0.02,0
OP00689,0.07,0
OP00690,0.055,0
OP00691,0.195,0
OP00692,0.06,0
OP00693,0.125,0
OP00694,0.235,0
OP00695,0.11,0
OP00696,0.255,0
OP00697,0.105,0
OP00698,0.065,0
OP00699,0.015,0
OP00700,0.02,0
OP00701,0.215,0
OP00702,0.03,0
OP00703,0.02,0
OP00704,0.225,0
OP00705,0.01,0
OP00706,0.005,0
OP00707,0.11,0
OP00708,0.11,0
OP00709,0.305,0
OP00710,0.07,0
OP00711,0.11,0
OP00712,0.28,0
OP00713,0.035,0
OP00714,0.04,0
OP00715,0.04,0
OP00716,0.275,0
OP00717,0.22,0
OP00718,0.185,0
OP00719,0.12,0
OP00720,0.04,0
OP00721,0.03,0
OP00722,0.04,0
OP00723,0.01,0
OP00724,0.155,0
OP00725,0.225,0
OP00726,0.04,0
OP00727,0.02,0
OP00728,0.005,0
OP00729,0.06,0
OP00730,0.015,0
OP00731,0.085,0
OP00732,0.03,0
OP00733,0.065,0
OP00734,0.08,0
OP00735,0.015,0
OP00736,0.21,0
OP00737,0.165,0
OP00738,0.04,0
OP00739,0.055,0
OP00740,0.035,0
OP00741,0.315,0
OP00742,0.025,0
OP00743,0.095,0
OP00744,0.035,0
OP00745,0.01,0
OP00746,0.015,0
OP00747,0.015,0
OP00748,0.095,0
OP00749,0.1,0
OP00750,0.02,0
OP00751,0.105,0
OP00752,0.055,0
OP00753,0.115,0
OP00754,0.31,0
OP00755,0.03,0
OP00756,0.03,0
OP00757,0.22,0
OP00758,0.245,0
OP00759,0.3,0
OP00760,0.095,0
OP00761,0.01,0
OP00762,0.02,0
OP00763,0.04,0
OP00764,0.165,0
OP00765,0.14,0
OP00766,0.14,0
OP00767,0.22,0
OP00768,0.115,0
OP00769,0.025,0
OP00770,0.035,0
OP00771,0.035,0
OP00772,0.095,0
OP00773,0.055,0
OP00774,0.275,0
OP00775,0.21,0
OP00776,0.105,0
OP00777,0.12,0
OP00778,0.11,0
OP00779,0.05,0
OP00780,0.175,0
OP00781,0.055,0
OP00782,0.16,0
OP00783,0.2,0
OP00784,0.12,0
OP00785,0.04,0
OP00786,0.35,1
OP00787,0.065,0
OP00788,0.075,0
OP00789,0.0,0
OP00790,0.035,0
OP00791,0.13,0
OP00792,0.07,0
OP00793,0.065,0
OP00794,0.325,0
OP00795,0.02,0
OP00796,0.025,0
OP00797,0.04,0
OP00798,0.13,0
OP00799,0.105,0
OP00800,0.03,0
OP00801,0.075,0
OP00802,0.19,0
OP00803,0.065,0
OP00804,0.175,0
OP00805,0.035,0
OP00806,0.215,0
OP00807,0.165,0
OP00808,0.32,0
OP00809,0.105,0
OP00810,0.05,0
OP00811,0.025,0
OP00812,0.145,0
OP00813,0.075,0
OP00814,0.015,0
OP00815,0.14,0
OP00816,0.075,0
OP00817,0.245,0
OP00818,0.095,0
OP00819,0.085,0
OP00820,0.12,0
OP00821,0.02,0
OP00822,0.1,0
OP00823,0.27,0
OP00824,0.01,0
OP00825,0.14,0
OP00826,0.08,0
OP00827,0.105,0
OP00828,0.055,0
OP00829,0.095,0
OP00830,0.285,0
OP00831,0.005,0
OP00832,0.03,0
OP00833,0.72,1
OP00834,0.085,0
OP00835,0.045,0
OP00836,0.15,0
OP00837,0.255,0
OP00838,0.44,1
OP00839,0.195,0
OP00840,0.07,0
OP00841,0.06,0
OP00842,0.21,0
OP00843,0.03,0
OP00844,0.175,0
OP00845,0.11,0
OP00846,0.3,0
OP00847,0.045,0
OP00848,0.26,0
OP00849,0.095,0
OP00850,0.04,0
OP00851,0.23,0
OP00852,0.03,0
OP00853,0.05,0
OP00854,0.22,0
OP00855,0.085,0
OP00856,0.225,0
OP00857,0.085,0
OP00858,0.02,0
OP00859,0.07,0
OP00860,0.24,0
OP00861,0.01,0
OP00862,0.135,0
OP00863,0.045,0
OP00864,0.175,0
OP00865,0.105,0
OP00866,0.03,0
OP00867,0.165,0
OP00868,0.03,0
OP00869,0.11,0
OP00870,0.04,0
OP00871,0.29,0
OP00872,0.065,0
OP00873,0.495,1
OP00874,0.39,1
OP00875,0.04,0
OP00876,0.205,0
OP00877,0.21,0
OP00878,0.065,0
OP00879,0.24,0
OP00880,0.075,0
OP00881,0.045,0
OP00882,0.13,0
OP00883,0.22,0
OP00884,0.04,0
OP00885,0.04,0
OP00886,0.04,0
OP00887,0.02,0
OP00888,0.005,0
OP00889,0.12,0
OP00890,0.21,0
OP00891,0.695,1
OP00892,0.035,0
OP00893,0.135,0
OP00894,0.06,0
OP00895,0.035,0
OP00896,0.025,0
OP00897,0.03,0
OP00898,0.08,0
OP00899,0.01,0
OP00900,0.105,0
OP00901,0.14,0
OP00902,0.11,0
OP00903,0.065,0
OP00904,0.205,0
OP00905,0.03,0
OP00906,0.07,0
OP00907,0.13,0
OP00908,0.13,0
OP00909,0.08,0
OP00910,0.085,0
OP00911,0.11,0
OP00912,0.025,0
OP00913,0.125,0
OP00914,0.075,0
OP00915,0.03,0
OP00916,0.025,0
OP00917,0.125,0
OP00918,0.07,0
OP00919,0.08,0
OP00920,0.045,0
OP00921,0.005,0
OP00922,0.12,0
OP00923,0.06,0
OP00924,0.105,0
OP00925,0.07,0
OP00926,0.115,0
OP00927,0.055,0
OP00928,0.01,0
OP00929,0.06,0
OP00930,0.15,0
OP00931,0.02,0
OP00932,0.08,0
OP00933,0.325,0
OP00934,0.105,0
OP00935,0.205,0
OP00936,0.05,0
OP00937,0.05,0
OP00938,0.095,0
OP00939,0.015,0
OP00940,0.045,0
OP00941,0.015,0
OP00942,0.055,0
OP00943,0.09,0
OP00944,0.015,0
OP00945,0.175,0
OP00946,0.18,0
OP00947,0.1,0
OP00948,0.075,0
OP00949,0.1,0
OP00950,0.075,0
OP00951,0.13,0
OP00952,0.1,0
OP00953,0.2,0
OP00954,0.08,0
OP00955,0.07,0
OP00956,0.01,0
OP00957,0.04,0
OP00958,0.015,0
OP00959,0.075,0
OP00960,0.03,0
OP00961,0.05,0
OP00962,0.175,0
OP00963,0.03,0
OP00964,0.135,0
OP00965,0.04,0
OP00966,0.02,0
OP00967,0.16,0
OP00968,0.235,0
OP00969,0.065,0
OP00970,0.05,0
OP00971,0.045,0
OP00972,0.035,0
OP00973,0.095,0
OP00974,0.175,0
OP00975,0.515,1
OP00976,0.1,0
OP00977,0.035,0
OP00978,0.03,0
OP00979,0.035,0
OP00980,0.08,0
OP00981,0.375,1
OP00982,0.11,0
OP00983,0.02,0
OP00984,0.055,0
OP00985,0.185,0
OP00986,0.025,0
OP00987,0.015,0
OP00988,0.04,0
OP00989,0.06,0
OP00990,0.17,0
OP00991,0.765,1
OP00992,0.03,0
OP00993,0.045,0
OP00994,0.235,0
OP00995,0.035,0
OP00996,0.035,0
OP00997,0.21,0
OP00998,0.12,0
OP00999,0.105,0
OP01000,0.09,0
OP01001,0.06,0
OP01002,0.09,0
OP01003,0.115,0
OP01004,0.05,0
OP01005,0.195,0
OP01006,0.01,0
OP01007,0.01,0
OP01008,0.24,0
OP01009,0.39,1
OP01010,0.08,0
OP01011,0.195,0
OP01012,0.035,0
OP01013,0.205,0
OP01014,0.035,0
OP01015,0.155,0
OP01016,0.045,0
OP01017,0.085,0
OP01018,0.185,0
OP01019,0.01,0
OP01020,0.08,0
OP01021,0.015,0
OP01022,0.015,0
OP01023,0.13,0
OP01024,0.185,0
OP01025,0.07,0
OP01026,0.065,0
OP01027,0.155,0
OP01028,0.105,0
OP01029,0.01,0
OP01030,0.275,0
OP01031,0.115,0
OP01032,0.055,0
OP01033,0.055,0
OP01034,0.085,0
OP01035,0.145,0
OP01036,0.02,0
OP01037,0.21,0
OP01038,0.135,0
OP01039,0.29,0
OP01040,0.1,0
OP01041,0.265,0
OP01042,0.2,0
OP01043,0.005,0
OP01044,0.205,0
OP01045,0.015,0
OP01046,0.15,0
OP01047,0.055,0
OP01048,0.065,0
OP01049,0.05,0
OP01050,0.05,0
OP01051,0.09,0
OP01052,0.05,0
OP01053,0.345,0
OP01054,0.2,0
OP01055,0.155,0
OP01056,0.045,0
OP01057,0.005,0
OP01058,0.05,0
OP01059,0.035,0
OP01060,0.035,0
OP01061,0.08,0
OP01062,0.095,0
OP01063,0.595,1
OP01064,0.245,0
OP01065,0.485,1
OP01066,0.045,0
OP01067,0.045,0
OP01068,0.695,1
OP01069,0.035,0
OP01070,0.035,0
OP01071,0.05,0
OP01072,0.015,0
OP01073,0.045,0
OP01074,0.025,0
OP01075,0.035,0
OP01076,0.045,0
OP01077,0.18,0
OP01078,0.16,0
OP01079,0.105,0
OP01080,0.03,0
OP01081,0.1,0
OP01082,0.18,0
OP01083,0.04,0
OP01084,0.015,0
OP01085,0.165,0
OP01086,0.15,0
OP01087,0.04,0
OP01088,0.06,0
OP01089,0.195,0
OP01090,0.01,0
OP01091,0.11,0
OP01092,0.195,0
OP01093,0.075,0
OP01094,0.7,1
OP01095,0.06,0
OP01096,0.21,0
OP01097,0.025,0
OP01098,0.02,0
OP01099,0.205,0
OP01100,0.03,0
OP01101,0.02,0
OP01102,0.08,0
OP01103,0.3,0
OP01104,0.005,0
OP01105,0.01,0
OP01106,0.295,0
OP01107,0.505,1
OP01108,0.035,0
OP01109,0.035,0
OP01110,0.06,0
OP01111,0.03,0
OP01112,0.015,0
OP01113,0.015,0
OP01114,0.05,0
OP01115,0.015,0
OP01116,0.385,1
OP01117,0.28,0
OP01118,0.175,0
OP01119,0.045,0
OP01120,0.21,0
OP01121,0.05,0
OP01122,0.08,0
OP01123,0.18,0
OP01124,0.045,0
OP01125,0.075,0
OP01126,0.195,0
OP01127,0.145,0
OP01128,0.125,0
OP01129,0.08,0
OP01130,0.3,0
OP01131,0.645,1
OP01132,0.115,0
OP01133,0.105,0
OP01134,0.095,0
OP01135,0.25,0
OP01136,0.19,0
OP01137,0.775,1
OP01138,0.105,0
OP01139,0.225,0
OP01140,0.18,0
OP01141,0.125,0
OP01142,0.08,0
OP01143,0.03,0
OP01144,0.095,0
OP01145,0.035,0
OP01146,0.155,0
OP01147,0.075,0
OP01148,0.055,0
OP01149,0.17,0
OP01150,0.055,0
OP01151,0.045,0
OP01152,0.085,0
OP01153,0.085,0
OP01154,0.02,0
OP01155,0.14,0
OP01156,0.03,0
OP01157,0.05,0
OP01158,0.31,0
OP01159,0.03,0
OP01160,0.035,0
OP01161,0.165,0
OP01162,0.02,0
OP01163,0.015,0
OP01164,0.045,0
OP01165,0.015,0
OP01166,0.025,0
OP01167,0.145,0
OP01168,0.015,0
OP01169,0.145,0
OP01170,0.31,0
OP01171,0.035,0
OP01172,0.15,0
OP01173,0.53,1
OP01174,0.19,0
OP01175,0.02,0
OP01176,0.425,1
OP01177,0.065,0
OP01178,0.015,0
OP01179,0.01,0
OP01180,0.035,0
OP01181,0.22,0
OP01182,0.02,0
OP01183,0.025,0
OP01184,0.105,0
OP01185,0.085,0
OP01186,0.115,0
OP01187,0.045,0
OP01188,0.0,0
OP01189,0.045,0
OP01190,0.075,0
OP01191,0.21,0
OP01192,0.065,0
OP01193,0.075,0
OP01194,0.045,0
OP01195,0.075,0
OP01196,0.055,0
OP01197,0.01,0
OP01198,0.115,0
OP01199,0.05,0
OP01200,0.03,0
