unidade_id,setor,temperatura,vibracao,consumo_energia,latencia_rede,carga_sistema,erros_24h,manutencoes_30d,idade_equipamento_meses,umidade,falha
N00001,TRANSITO,50.36,2.786,140.93,82.73,76.32,5,2,16,64.52,0
N00002,ENERGIA,44.51,2.266,86.12,15.97,45.57,3,1,58,48.74,0
N00003,TRANSITO,42.68,1.986,113.24,54.6,56.54,3,0,140,90.92,0
N00004,TRANSITO,40.15,2.34,128.12,3.8,64.02,0,1,20,70.17,0
N00005,AGUA,36.23,2.77,168.54,40.56,74.74,6,1,105,32.57,0
N00006,ENERGIA,53.41,2.393,121.03,71.63,57.43,2,1,112,51.82,0
N00007,TRANSITO,55.13,2.328,113.8,32.42,60.95,3,0,49,59.89,0
N00008,SAUDE,41.21,2.477,157.02,68.92,82.2,3,1,118,46.48,0
N00009,TRANSITO,48.13,2.458,129.94,113.28,66.12,4,0,114,73.67,0
N00010,TRANSITO,32.77,1.818,134.73,33.67,61.92,4,0,85,92.54,0
N00011,TELECOM,46.14,1.98,132.32,37.97,69.95,5,0,20,54.82,0
N00012,ENERGIA,40.32,1.957,92.34,80.1,46.13,0,1,26,32.84,0
N00013,ENERGIA,44.1,2.653,93.52,62.44,67.37,3,0,73,42.0,0
N00014,TELECOM,44.31,1.923,124.71,91.09,55.63,3,0,80,72.95,0
N00015,SAUDE,39.38,2.953,184.71,66.24,100,5,0,78,73.62,0
N00016,AGUA,34.61,2.81,110.78,118.57,57.61,3,0,132,54.08,0
N00017,TELECOM,48.9,1.818,117.04,77.71,48.49,0,0,114,68.9,0
N00018,SAUDE,36.39,1.967,134.88,68.93,54.02,3,0,126,61.47,0
N00019,SAUDE,24.38,3.63,194.82,115.6,98.03,4,0,122,73.53,0
N00020,SAUDE,34.56,1.872,134.08,39.96,53.97,1,1,107,49.96,0
N00021,TELECOM,48.24,2.32,161.84,49.43,75.95,2,0,96,47.6,0
N00022,SAUDE,44.86,1.962,75.19,32.7,45.02,0,1,14,57.66,0
N00023,AGUA,58.03,3.257,134.09,57.23,67.09,1,0,61,48.23,0
N00024,TELECOM,50.21,2.835,186.38,59.51,94.04,1,0,26,68.16,0
N00025,TELECOM,58.78,1.793,147.28,67.38,65.52,2,0,124,40.8,0
N00026,ENERGIA,55.49,2.637,133.07,62.18,69.66,5,0,90,72.37,0
N00027,ENERGIA,55.94,1.774,144.61,234.52,67.75,4,0,133,59.33,0
N00028,AGUA,41.23,2.642,127.68,33.47,65.99,4,1,116,53.42,0
N00029,SAUDE,32.17,2.604,170.86,13.02,85.39,7,0,140,58.15,0
N00030,TELECOM,37.82,1.98,120.66,104.44,57.07,2,1,31,49.9,0
N00031,ENERGIA,40.92,2.283,167.8,28.64,69.33,7,0,119,86.0,0
N00032,AGUA,54.36,1.641,149.75,82.03,75.95,4,1,85,84.6,0
N00033,TRANSITO,55.0,1.929,147.73,53.93,77.99,5,0,72,99.36,0
N00034,ENERGIA,41.62,2.75,140.59,88.28,75.54,4,0,60,47.75,0
N00035,TELECOM,52.46,2.117,98.59,126.88,53.13,1,1,37,57.14,0
N00036,ENERGIA,55.18,2.344,160.77,36.59,62.06,1,0,92,56.59,0
N00037,ENERGIA,37.49,2.052,114.29,69.23,53.33,3,0,32,69.34,0
N00038,TELECOM,58.38,1.689,97.96,160.02,45.9,3,2,59,60.85,0
N00039,ENERGIA,39.09,2.161,86.93,62.54,53.07,3,0,31,50.36,0
N00040,TRANSITO,48.41,2.886,137.23,30.32,76.18,4,1,82,20.53,0
N00041,TRANSITO,46.41,2.911,121.98,63.08,70.08,2,0,2,54.83,0
N00042,TRANSITO,45.91,1.15,97.61,226.42,47.95,2,1,4,66.44,0
N00043,ENERGIA,47.68,2.571,87.07,9.98,46.05,2,0,105,67.32,0
N00044,SAUDE,42.15,2.333,124.35,94.33,49.39,4,0,31,56.16,0
N00045,SAUDE,42.41,2.793,160.59,15.68,84.45,3,0,62,57.79,1
N00046,TRANSITO,37.25,1.746,142.39,128.3,76.98,2,0,39,56.64,0
N00047,TELECOM,47.51,2.402,128.54,187.8,74.7,2,0,23,56.72,0
N00048,SAUDE,39.18,2.153,100.11,52.8,54.63,1,1,42,52.66,0
N00049,AGUA,33.54,3.124,133.08,126.1,70.37,1,1,34,69.95,0
N00050,TELECOM,46.85,2.545,143.65,61.3,69.66,2,1,76,91.07,0
N00051,ENERGIA,45.97,2.47,132.92,80.28,72.23,1,1,6,63.19,0
N00052,SAUDE,53.61,1.899,116.24,33.4,55.83,0,3,121,46.23,0
N00053,TRANSITO,64.53,2.239,152.32,24.01,84.63,6,0,88,78.82,0
N00054,AGUA,44.02,2.597,150.63,45.61,65.48,3,0,49,82.92,0
N00055,TELECOM,46.6,1.68,155.51,37.28,61.9,5,1,91,57.25,0
N00056,TRANSITO,47.32,3.099,156.65,9.44,81.58,6,2,18,68.24,0
N00057,TRANSITO,45.47,2.145,108.14,5.94,42.25,0,0,13,52.21,0
N00058,TRANSITO,58.71,1.042,97.11,62.48,25.5,0,0,47,51.18,0
N00059,AGUA,54.65,3.059,155.62,83.62,75.94,5,0,134,59.02,0
N00060,TELECOM,57.82,2.559,143.9,38.21,73.14,5,2,39,50.29,0
N00061,TELECOM,48.74,2.783,176.76,91.26,73.79,5,0,97,55.72,0
N00062,ENERGIA,49.57,3.126,151.77,49.28,84.16,3,0,17,51.58,0
N00063,SAUDE,56.74,2.034,156.14,12.11,73.54,1,0,61,75.21,0
N00064,TELECOM,35.49,2.633,183.06,91.87,82.58,5,0,54,84.76,0
N00065,SAUDE,34.83,2.162,132.1,21.43,61.22,3,0,62,60.08,0
N00066,ENERGIA,41.17,2.583,94.79,64.45,47.43,0,1,30,43.21,0
N00067,TRANSITO,44.13,2.427,122.38,48.14,73.42,3,0,31,82.83,0
N00068,SAUDE,38.59,2.347,134.41,51.83,59.07,5,0,28,30.11,0
N00069,SAUDE,37.03,2.553,146.61,7.33,74.92,3,1,24,69.63,0
N00070,ENERGIA,46.17,2.89,111.92,40.06,66.72,2,0,29,46.02,1
N00071,TRANSITO,63.82,2.709,131.77,164.42,63.2,4,0,39,52.83,0
N00072,TELECOM,58.15,2.971,133.7,29.99,62.11,3,0,64,74.68,0
N00073,TELECOM,38.48,2.399,126.9,125.66,58.71,1,0,108,49.72,1
N00074,TRANSITO,46.21,1.894,149.33,93.31,77.35,2,0,7,61.93,0
N00075,TRANSITO,46.38,2.631,132.83,40.25,70.69,3,1,45,58.86,0
N00076,ENERGIA,45.37,2.506,118.61,26.48,58.46,2,1,135,51.62,0
N00077,TRANSITO,47.18,2.25,109.79,22.5,56.57,1,0,99,74.34,0
N00078,AGUA,30.83,2.408,126.4,70.76,64.38,4,0,7,79.8,0
N00079,TELECOM,49.16,2.353,145.29,138.38,66.39,3,1,16,55.47,0
N00080,SAUDE,34.64,1.66,114.95,8.27,61.11,3,1,93,59.53,0
N00081,ENERGIA,46.92,2.806,126.39,74.23,62.55,4,0,90,75.84,0
N00082,TRANSITO,45.17,1.83,132.97,44.32,60.92,4,0,109,60.17,0
N00083,TELECOM,41.72,2.975,124.56,68.26,71.96,4,0,97,68.15,0
N00084,TRANSITO,61.97,1.76,79.14,39.3,32.29,1,1,108,77.48,0
N00085,TRANSITO,42.75,3.079,134.07,19.96,74.76,2,0,15,57.45,0
N00086,TELECOM,49.73,1.383,101.63,69.76,43.21,1,0,2,51.14,0
N00087,AGUA,42.91,2.971,156.46,3.04,76.54,1,0,76,55.01,0
N00088,ENERGIA,46.55,2.946,146.34,90.05,64.7,2,0,96,74.78,0
N00089,ENERGIA,46.24,2.477,114.9,26.84,71.16,3,0,17,57.39,0
N00090,TRANSITO,49.58,3.317,125.71,67.93,69.3,3,0,68,85.45,0
N00091,SAUDE,45.73,1.819,130.19,82.37,68.79,5,0,90,82.51,0
N00092,TELECOM,29.5,1.546,79.42,291.91,38.23,0,0,51,46.4,0
N00093,AGUA,49.91,2.46,157.27,62.68,74.13,3,1,133,43.68,0
N00094,TRANSITO,39.09,2.778,146.97,48.53,72.85,3,0,44,69.9,0
N00095,ENERGIA,50.22,2.563,167.88,43.52,91.08,3,1,92,68.91,0
N00096,TRANSITO,33.82,1.774,89.98,78.32,47.84,0,0,17,42.47,0
N00097,SAUDE,35.0,2.341,112.58,34.38,53.39,3,1,102,76.4,0
N00098,ENERGIA,27.83,2.844,128.8,63.06,62.53,1,0,21,81.43,0
N00099,TELECOM,59.02,2.309,116.25,63.25,61.29,2,1,73,37.27,0
N00100,ENERGIA,53.18,2.65,127.62,30.25,61.5,2,1,124,76.49,0
N00101,ENERGIA,50.76,2.268,126.31,8.51,76.82,5,0,52,48.75,0
N00102,TELECOM,52.01,1.687,142.82,37.42,70.27,2,0,90,63.15,0
N00103,AGUA,43.11,2.299,131.59,26.84,77.94,3,0,74,56.13,0
N00104,ENERGIA,64.58,2.564,145.58,13.01,68.92,1,0,94,64.38,0
N00105,TELECOM,47.83,1.956,124.58,83.62,56.34,0,1,62,61.62,0
N00106,SAUDE,37.27,2.286,125.17,36.62,59.57,5,0,63,39.23,0
N00107,ENERGIA,44.76,2.455,111.23,22.36,50.7,3,1,49,57.35,0
N00108,AGUA,41.94,3.08,125.31,29.4,86.39,0,0,10,73.33,0
N00109,TELECOM,57.92,1.531,108.81,95.74,56.84,2,0,21,58.56,0
N00110,TRANSITO,48.5,1.959,119.51,35.15,59.45,1,1,56,72.19,0
N00111,ENERGIA,36.09,3.051,143.56,4.49,78.58,3,0,23,67.22,0
N00112,TRANSITO,46.31,2.785,130.04,22.72,79.7,2,0,15,79.51,0
N00113,TELECOM,53.95,3.115,159.12,54.71,90.83,3,1,130,88.18,0
N00114,TRANSITO,45.84,1.684,113.95,103.93,55.07,3,0,80,65.77,0
N00115,SAUDE,42.17,2.829,128.33,82.09,58.01,4,1,141,74.12,0
N00116,AGUA,38.98,2.259,106.64,115.81,58.2,2,0,68,59.86,0
N00117,AGUA,42.06,2.142,133.86,77.33,66.83,1,1,85,55.41,0
N00118,TRANSITO,49.05,2.272,119.22,30.16,57.31,1,0,137,71.03,0
N00119,TELECOM,35.51,3.364,196.92,25.34,96.84,3,1,96,39.24,1
N00120,ENERGIA,51.55,2.965,175.29,112.43,83.58,3,0,104,71.67,0
N00121,ENERGIA,47.54,2.514,180.93,27.96,91.65,5,0,45,75.8,0
N00122,TELECOM,36.45,2.747,150.15,80.22,93.07,3,1,35,69.98,0
N00123,TRANSITO,42.64,2.072,133.59,32.81,66.15,3,0,41,54.07,0
N00124,AGUA,41.31,1.958,129.12,60.96,59.81,3,0,3,75.89,0
N00125,TELECOM,43.82,2.19,119.72,36.41,52.08,3,1,26,55.32,0
N00126,SAUDE,42.2,2.871,102.86,58.18,49.31,0,1,85,70.83,0
N00127,ENERGIA,41.5,1.999,130.24,63.76,74.3,3,0,23,34.57,0
N00128,AGUA,44.74,1.892,101.16,44.65,40.12,4,0,17,35.71,0
N00129,TRANSITO,44.37,2.568,160.81,15.65,89.46,5,1,100,42.86,0
N00130,TRANSITO,45.43,1.884,118.11,42.1,68.15,4,2,77,82.26,0
N00131,TELECOM,48.04,1.976,115.68,71.35,59.37,3,1,34,55.56,0
N00132,TRANSITO,41.76,1.832,126.89,31.87,73.06,3,0,104,44.89,0
N00133,AGUA,39.79,2.283,119.46,78.5,52.61,3,0,96,59.92,0
N00134,TRANSITO,56.66,1.938,117.34,33.7,69.13,3,0,6,53.48,0
N00135,SAUDE,47.61,2.716,157.93,147.22,75.58,2,0,36,61.37,0
N00136,ENERGIA,36.26,2.44,106.85,69.24,49.79,2,1,59,68.04,0
N00137,TRANSITO,37.4,2.018,158.6,30.05,77.27,2,2,106,62.29,0
N00138,ENERGIA,48.83,2.516,135.0,67.63,71.33,3,1,89,44.95,0
N00139,TRANSITO,47.22,2.588,128.93,98.52,70.04,2,0,107,63.19,0
N00140,SAUDE,42.81,1.784,107.4,37.54,57.73,2,0,39,51.09,0
N00141,TELECOM,57.83,2.702,180.64,43.7,94.46,7,1,61,48.86,0
N00142,TRANSITO,42.8,2.94,165.7,64.4,82.22,2,0,142,65.0,0
N00143,SAUDE,36.89,1.187,84.75,53.23,39.73,0,1,25,49.16,0
N00144,TELECOM,41.13,2.256,151.33,132.68,74.83,3,0,28,93.91,0
N00145,TELECOM,30.91,2.393,106.56,114.92,50.92,2,1,90,64.67,0
N00146,AGUA,40.55,1.456,114.09,15.98,49.71,1,0,98,79.31,0
N00147,TELECOM,40.56,1.454,115.99,104.42,62.65,2,0,30,65.65,0
N00148,TRANSITO,39.15,2.306,101.88,24.37,44.76,1,0,76,86.86,0
N00149,SAUDE,42.64,2.223,141.67,130.99,65.04,4,0,141,80.69,0
N00150,SAUDE,39.14,3.08,159.37,84.2,83.48,4,1,143,73.8,0
N00151,SAUDE,37.89,2.575,103.76,36.44,66.42,1,0,98,90.93,0
N00152,ENERGIA,44.88,3.17,164.38,126.1,100,5,0,4,74.53,1
N00153,TELECOM,30.96,2.877,148.15,56.83,95.71,3,0,39,47.77,1
N00154,TELECOM,50.44,3.125,154.26,63.1,73.4,2,1,129,77.43,0
N00155,TRANSITO,38.93,1.619,106.03,67.48,44.9,2,1,135,62.51,0
N00156,ENERGIA,64.81,2.787,168.23,91.68,85.41,3,0,48,49.25,0
N00157,ENERGIA,50.01,2.858,177.55,49.57,87.55,1,0,79,34.88,0
N00158,AGUA,42.93,3.154,150.61,148.99,77.2,2,1,100,63.05,0
N00159,TRANSITO,50.83,1.761,79.5,11.72,39.38,3,1,131,59.98,0
N00160,TELECOM,49.3,2.011,150.46,88.22,66.94,4,0,113,88.49,0
N00161,TELECOM,46.19,1.816,136.42,125.64,60.47,2,0,125,81.18,0
N00162,TELECOM,43.48,1.676,144.87,71.36,55.39,1,0,138,51.82,0
N00163,AGUA,35.8,1.69,134.08,80.64,69.18,2,1,60,86.26,0
N00164,TELECOM,45.0,3.027,161.51,99.65,79.04,1,0,127,88.73,1
N00165,ENERGIA,39.5,1.536,97.97,48.95,39.99,0,0,115,55.57,0
N00166,SAUDE,30.29,2.301,153.92,31.67,79.71,1,1,69,64.3,0
N00167,SAUDE,49.25,2.359,152.91,18.84,94.59,1,1,5,24.47,0
N00168,TELECOM,50.25,2.276,143.17,91.4,78.92,5,1,46,64.53,0
N00169,SAUDE,35.08,2.477,144.66,35.15,46.22,3,1,140,60.99,0
N00170,ENERGIA,63.81,2.664,127.16,59.03,56.98,4,0,76,59.67,0
N00171,SAUDE,53.26,2.21,107.53,31.94,52.92,1,1,78,64.44,0
N00172,SAUDE,50.94,2.255,141.16,143.82,65.33,3,1,115,54.72,0
N00173,TELECOM,50.93,1.874,67.98,83.8,43.24,1,1,23,59.36,0
N00174,SAUDE,37.15,2.6,122.28,38.27,50.81,0,2,88,62.6,0
N00175,TRANSITO,47.22,2.797,115.87,20.64,65.92,4,0,77,77.96,0
N00176,AGUA,36.46,3.344,164.5,50.71,91.57,3,1,133,56.96,0
N00177,AGUA,48.32,2.193,130.98,18.41,71.2,4,1,44,45.52,0
N00178,SAUDE,41.46,1.689,140.03,38.28,65.36,1,1,69,83.76,0
N00179,AGUA,21.48,2.182,85.61,34.99,35.4,3,2,56,64.35,0
N00180,TRANSITO,43.72,2.343,145.45,85.57,63.07,3,0,141,47.73,0
N00181,ENERGIA,48.85,2.704,143.19,13.46,65.5,4,1,33,81.23,0
N00182,SAUDE,36.92,2.294,138.76,53.76,69.07,3,0,29,79.69,0
N00183,SAUDE,39.16,1.889,106.53,70.64,63.75,1,0,3,84.11,0
N00184,SAUDE,23.93,2.502,161.16,75.59,82.65,2,0,139,50.29,0
N00185,SAUDE,38.11,2.085,112.49,94.2,51.59,3,0,99,68.03,0
N00186,AGUA,38.07,2.478,162.39,201.56,74.88,1,1,124,71.48,0
N00187,SAUDE,46.04,2.94,140.42,4.61,77.4,4,1,45,49.08,0
N00188,SAUDE,36.99,1.481,76.16,43.98,35.55,0,1,40,54.32,0
N00189,TELECOM,47.12,2.144,151.39,29.66,58.91,2,0,132,58.8,0
N00190,SAUDE,44.35,2.79,144.08,28.81,70.39,4,0,109,62.06,1
N00191,SAUDE,39.5,2.394,119.66,130.55,65.67,3,0,65,44.79,0
N00192,TRANSITO,39.76,2.483,84.59,25.8,49.45,3,0,41,53.2,0
N00193,TELECOM,52.52,2.443,128.18,41.94,61.72,3,0,128,85.19,0
N00194,ENERGIA,31.21,3.031,136.73,92.76,64.98,3,1,90,63.94,0
N00195,TRANSITO,48.21,1.886,138.9,48.05,63.9,3,0,139,76.38,0
N00196,SAUDE,35.19,1.277,113.63,39.31,45.94,3,1,129,64.0,0
N00197,TELECOM,46.34,1.558,128.15,157.21,52.07,2,0,109,85.25,0
N00198,SAUDE,21.27,3.033,165.93,36.95,75.67,5,1,121,64.15,0
N00199,SAUDE,31.53,1.953,196.75,57.55,98.74,4,0,103,63.62,0
N00200,TRANSITO,46.04,2.853,114.36,22.87,57.08,4,0,36,42.34,0
N00201,AGUA,46.39,2.087,145.38,59.1,65.85,3,0,99,79.95,0
N00202,TELECOM,40.18,2.039,132.42,56.04,70.37,1,0,34,58.83,0
N00203,TELECOM,42.95,2.528,132.25,41.47,64.41,3,0,71,43.13,0
N00204,SAUDE,49.88,1.617,101.27,59.3,39.97,3,0,36,56.14,0
N00205,TRANSITO,44.74,2.567,152.46,32.28,81.59,2,1,112,75.55,0
N00206,SAUDE,37.27,2.122,109.57,4.76,39.91,0,0,105,50.8,0
N00207,AGUA,39.93,2.381,120.15,39.2,51.57,2,1,117,75.18,0
N00208,AGUA,38.03,2.406,125.87,14.66,67.49,5,1,102,68.38,0
N00209,TELECOM,44.1,2.407,115.11,137.11,63.28,3,0,91,58.19,0
N00210,TRANSITO,44.12,2.487,153.89,7.49,78.71,3,1,40,60.5,0
N00211,SAUDE,39.69,1.671,83.13,88.78,29.79,0,1,137,44.51,0
N00212,TRANSITO,51.09,1.505,103.91,59.32,42.79,2,0,45,74.84,0
N00213,ENERGIA,44.78,2.92,135.56,67.57,73.01,2,0,21,55.6,0
N00214,TELECOM,30.45,2.234,112.14,41.72,59.95,1,0,3,88.02,0
N00215,ENERGIA,43.91,3.128,161.36,42.47,76.99,4,0,81,60.9,1
N00216,TRANSITO,43.75,1.706,94.0,38.88,46.62,3,0,5,86.29,0
N00217,AGUA,22.8,2.124,135.07,116.35,68.37,3,0,46,77.76,0
N00218,AGUA,38.67,2.783,161.96,103.32,76.0,5,0,105,69.05,0
N00219,TELECOM,47.51,3.281,140.24,35.17,82.58,4,0,28,49.45,0
N00220,ENERGIA,46.38,1.975,94.68,129.08,47.98,4,0,47,61.53,0
N00221,SAUDE,45.83,2.678,128.63,23.34,70.14,3,0,92,68.34,0
N00222,TRANSITO,48.39,1.262,99.09,83.5,58.76,2,0,24,69.75,0
N00223,AGUA,34.67,1.784,111.23,30.68,64.71,2,1,57,68.92,0
N00224,SAUDE,51.76,1.383,138.06,46.63,80.59,5,0,79,82.63,0
N00225,TRANSITO,42.02,2.232,149.3,32.72,72.13,3,0,43,57.62,0
N00226,TELECOM,52.42,1.882,156.69,41.15,72.79,0,0,105,81.68,0
N00227,TELECOM,55.92,1.805,163.52,31.14,65.5,0,0,121,75.76,0
N00228,TELECOM,41.61,2.302,80.77,134.08,40.97,2,0,21,53.03,0
N00229,SAUDE,43.59,2.476,182.37,35.39,81.51,3,1,143,50.07,0
N00230,AGUA,38.15,2.426,120.78,50.26,57.18,2,1,62,57.27,0
N00231,AGUA,39.37,2.636,100.29,33.05,57.49,4,1,114,58.85,0
N00232,ENERGIA,53.41,2.311,170.82,20.96,86.03,2,1,24,42.82,0
N00233,TELECOM,49.23,1.999,118.84,72.83,50.3,5,0,31,55.92,0
N00234,ENERGIA,49.5,2.611,142.66,23.72,77.52,0,0,95,52.78,0
N00235,TRANSITO,38.88,0.38,47.31,187.6,11.35,2,0,58,67.71,0
N00236,SAUDE,40.18,2.2,161.72,46.61,81.41,1,1,79,73.71,0
N00237,TRANSITO,44.89,2.624,164.07,17.38,75.66,4,0,138,73.41,0
N00238,TRANSITO,41.31,1.356,70.42,63.13,37.79,0,0,89,40.28,0
N00239,AGUA,55.84,3.131,160.87,77.33,78.58,4,1,88,57.93,0
N00240,TELECOM,49.21,2.849,127.77,89.68,74.54,3,0,29,37.17,0
N00241,TRANSITO,41.56,2.954,139.44,24.3,81.9,0,0,43,78.25,0
N00242,TRANSITO,47.84,3.175,173.23,49.51,83.72,5,0,101,30.13,0
N00243,TRANSITO,39.53,1.648,123.08,87.29,59.59,3,0,135,82.78,0
N00244,AGUA,32.36,2.337,124.9,51.92,77.09,3,1,42,84.14,0
N00245,TRANSITO,53.23,2.852,177.63,48.31,97.52,1,0,77,49.3,0
N00246,TRANSITO,47.47,2.327,108.77,65.05,56.57,2,0,110,66.06,0
N00247,ENERGIA,47.35,1.713,122.15,5.95,54.3,2,0,70,54.03,0
N00248,TELECOM,46.5,1.961,195.34,31.27,88.49,3,1,129,84.18,0
N00249,TRANSITO,34.31,2.742,181.51,131.8,92.71,3,0,97,87.0,1
N00250,TELECOM,47.9,2.382,112.15,102.59,64.13,1,1,54,65.64,0
N00251,ENERGIA,31.8,2.568,132.16,74.12,51.97,0,1,48,57.63,0
N00252,TRANSITO,48.84,2.166,111.92,44.29,60.1,2,0,26,78.59,0
N00253,TRANSITO,26.19,2.169,134.01,102.44,50.61,4,0,128,74.42,0
N00254,TRANSITO,54.05,2.419,165.4,13.08,80.41,2,0,51,36.42,0
N00255,TRANSITO,42.59,2.45,138.91,38.33,75.03,4,1,83,82.77,0
N00256,SAUDE,36.99,2.385,85.32,92.9,52.52,2,0,31,75.93,0
N00257,ENERGIA,44.23,3.199,113.58,77.6,49.09,3,0,137,73.66,0
N00258,TRANSITO,52.24,2.142,151.2,35.98,70.15,7,1,85,63.8,0
N00259,TELECOM,44.21,1.738,117.75,93.72,55.66,3,0,6,66.39,0
N00260,ENERGIA,56.27,2.033,162.49,70.74,75.91,2,1,137,80.59,0
N00261,AGUA,39.78,2.178,127.53,34.61,67.36,4,0,46,74.87,0
N00262,SAUDE,44.0,2.793,146.91,104.64,75.12,3,1,10,65.54,0
N00263,TRANSITO,53.49,3.686,179.08,18.37,99.11,3,1,16,43.21,0
N00264,AGUA,49.68,1.785,123.44,96.55,63.98,2,0,63,78.02,0
N00265,AGUA,44.64,2.174,115.91,20.92,63.4,2,1,17,55.91,0
N00266,AGUA,32.72,1.372,107.39,67.61,65.3,1,0,144,73.11,0
N00267,SAUDE,40.59,1.929,106.72,45.7,45.54,2,0,126,68.11,0
N00268,ENERGIA,65.28,3.527,185.27,126.67,100,1,1,25,94.1,0
N00269,SAUDE,20.83,2.72,147.4,15.88,73.6,5,0,39,72.73,0
N00270,SAUDE,37.61,2.007,113.55,109.27,49.31,2,0,104,67.73,0
N00271,TRANSITO,36.62,2.316,157.01,13.51,80.48,0,0,102,50.83,0
N00272,AGUA,42.65,2.07,139.83,222.98,62.93,4,0,124,47.87,0
N00273,SAUDE,42.5,2.409,146.53,70.86,77.26,1,0,82,66.81,0
N00274,TRANSITO,39.28,2.705,122.33,74.34,61.61,3,1,111,41.71,0
N00275,SAUDE,38.93,1.923,113.17,101.34,61.65,4,0,49,83.11,0
N00276,SAUDE,45.35,3.258,166.31,89.77,77.22,3,0,107,39.81,0
N00277,TRANSITO,36.47,2.361,111.68,43.46,55.83,3,2,91,55.63,0
N00278,TRANSITO,47.37,2.345,126.49,12.08,74.9,2,0,53,79.98,0
N00279,AGUA,34.42,1.412,99.73,36.68,34.35,3,0,96,43.63,0
N00280,AGUA,33.28,2.065,158.41,156.83,77.77,2,2,55,87.83,0
N00281,SAUDE,51.8,2.611,136.4,197.65,82.87,4,0,36,51.16,0
N00282,TELECOM,45.36,2.615,139.42,62.95,72.56,3,0,108,87.05,0
N00283,TELECOM,55.14,2.267,105.19,131.12,73.82,4,0,143,34.14,0
N00284,ENERGIA,61.79,2.508,145.33,6.74,76.88,5,0,11,72.01,0
N00285,SAUDE,58.43,2.304,155.36,117.73,86.96,3,1,134,65.78,0
N00286,ENERGIA,35.79,3.093,135.39,17.12,70.58,5,1,30,78.63,0
N00287,TELECOM,52.19,2.644,159.62,85.63,76.18,4,0,29,35.42,0
N00288,TELECOM,48.93,2.393,136.66,37.61,69.25,1,1,39,66.49,0
N00289,ENERGIA,49.19,2.689,112.11,30.66,56.09,2,0,20,55.02,0
N00290,AGUA,47.55,2.356,157.72,49.86,75.09,3,0,120,57.8,0
N00291,SAUDE,44.94,1.521,86.61,85.36,45.52,2,0,63,58.41,0
N00292,TRANSITO,49.95,2.352,114.14,27.11,58.15,2,0,15,53.8,0
N00293,ENERGIA,44.97,1.938,122.13,56.48,57.08,2,0,90,43.54,0
N00294,TELECOM,45.92,1.849,62.49,140.45,42.27,2,1,2,69.68,0
N00295,SAUDE,32.89,2.416,104.14,53.52,57.48,2,0,15,82.25,0
N00296,AGUA,45.88,1.778,176.45,20.05,71.61,2,1,144,78.42,0
N00297,ENERGIA,30.11,2.274,62.81,161.48,43.69,4,0,32,84.13,1
N00298,ENERGIA,48.85,2.42,119.26,98.66,51.67,1,0,127,70.23,0
N00299,AGUA,59.2,2.707,129.56,130.46,59.86,4,0,114,53.23,0
N00300,AGUA,39.22,2.908,146.84,22.39,77.37,7,1,4,47.84,0
N00301,TRANSITO,44.66,2.139,144.25,38.69,66.15,4,0,132,51.84,0
N00302,AGUA,37.48,2.395,140.59,37.01,68.61,4,0,43,72.68,0
N00303,SAUDE,33.36,2.933,162.96,9.38,83.92,4,0,52,41.19,0
N00304,TELECOM,46.88,1.991,141.55,112.74,71.56,1,1,5,49.62,0
N00305,TRANSITO,52.13,2.396,120.32,56.46,64.91,4,0,44,68.31,0
N00306,SAUDE,36.04,2.276,146.89,74.87,65.56,4,1,77,52.39,0
N00307,TRANSITO,42.62,1.064,125.18,95.06,46.13,3,0,49,74.18,0
N00308,TELECOM,43.29,2.622,140.14,59.86,60.94,1,0,126,68.25,0
N00309,TRANSITO,39.62,2.041,98.35,49.54,54.0,1,0,23,55.14,0
N00310,TRANSITO,43.49,2.716,154.51,53.05,69.66,4,0,48,72.37,0
N00311,SAUDE,42.95,2.113,116.25,104.05,65.86,0,1,78,57.91,0
N00312,TRANSITO,43.86,2.149,125.2,34.16,54.66,0,0,116,79.79,0
N00313,TRANSITO,36.75,2.947,121.87,91.61,74.51,4,0,9,28.87,1
N00314,TELECOM,50.81,2.002,83.73,29.89,45.96,2,0,36,69.11,0
N00315,TRANSITO,44.23,2.902,201.6,57.65,84.25,1,0,99,61.16,0
N00316,AGUA,57.53,2.743,126.72,49.52,67.3,4,0,86,61.63,1
N00317,SAUDE,27.3,1.856,128.4,83.35,67.84,1,2,59,53.19,0
N00318,TRANSITO,37.58,2.094,94.7,44.47,46.71,4,0,92,45.57,0
N00319,SAUDE,42.48,2.425,123.77,98.56,66.79,0,0,12,63.93,0
N00320,SAUDE,38.06,1.603,88.99,25.58,37.6,2,0,33,37.01,0
N00321,SAUDE,34.8,3.105,155.08,160.81,92.74,2,0,2,76.8,0
N00322,AGUA,43.23,2.411,137.51,59.17,77.3,4,0,139,62.58,0
N00323,TELECOM,50.23,2.378,124.72,65.72,57.81,4,0,144,49.93,0
N00324,SAUDE,31.66,1.476,103.35,21.37,36.23,3,2,122,68.3,0
N00325,ENERGIA,47.27,1.944,109.04,50.5,48.7,2,0,114,74.82,0
N00326,TRANSITO,53.24,2.588,154.35,70.92,81.08,2,0,62,63.31,0
N00327,ENERGIA,43.01,3.201,144.31,54.14,94.69,6,0,2,50.85,0
N00328,TRANSITO,40.18,1.906,121.95,41.8,63.19,0,0,42,65.47,0
N00329,TRANSITO,42.51,2.723,153.57,78.37,69.63,3,1,32,51.48,0
N00330,TELECOM,40.29,1.632,87.13,127.27,41.15,2,0,12,91.84,0
N00331,AGUA,45.0,1.883,149.51,72.28,82.82,4,0,142,71.8,0
N00332,TRANSITO,49.74,3.053,136.19,75.65,79.67,2,1,108,64.03,0
N00333,SAUDE,46.3,2.544,143.86,66.25,75.23,4,1,124,62.79,1
N00334,TRANSITO,47.03,2.823,150.47,132.86,92.95,3,0,9,87.23,0
N00335,ENERGIA,57.82,2.232,132.92,21.53,67.35,3,0,136,48.67,0
N00336,SAUDE,38.94,2.165,105.63,42.54,56.41,5,0,111,76.1,1
N00337,AGUA,36.31,2.698,86.11,62.64,46.74,3,1,97,46.25,0
N00338,SAUDE,44.12,2.644,155.05,45.62,72.91,4,0,82,92.57,0
N00339,SAUDE,53.64,1.886,135.85,69.7,51.18,2,1,113,53.18,0
N00340,ENERGIA,63.38,2.656,172.43,34.87,79.56,6,0,80,60.59,0
N00341,TELECOM,57.99,2.195,116.03,123.64,64.29,2,1,62,84.41,0
N00342,SAUDE,37.4,2.201,130.62,82.4,70.5,3,1,55,64.05,0
N00343,TRANSITO,44.48,2.644,166.55,105.77,84.64,3,0,92,59.84,0
N00344,SAUDE,47.26,2.639,126.36,47.94,56.47,1,0,62,65.45,0
N00345,SAUDE,38.85,2.244,122.5,23.35,65.87,4,0,35,89.66,0
N00346,ENERGIA,39.65,3.042,125.67,199.68,60.38,3,0,98,94.57,0
N00347,AGUA,37.77,1.725,161.49,95.16,69.77,1,0,50,56.26,0
N00348,ENERGIA,45.82,2.1,112.85,91.2,54.18,1,0,85,35.19,0
N00349,TELECOM,61.47,1.914,114.93,59.41,53.83,2,0,54,65.64,0
N00350,SAUDE,35.68,2.533,124.19,37.51,71.36,3,1,15,53.55,0
N00351,TRANSITO,37.17,1.575,112.43,122.12,55.46,3,0,108,61.53,0
N00352,ENERGIA,47.61,2.542,132.63,7.58,62.35,1,0,101,73.54,0
N00353,TRANSITO,35.86,2.426,183.23,38.83,84.73,3,2,141,48.97,0
N00354,SAUDE,34.08,1.947,130.7,69.1,50.12,3,0,115,62.47,0
N00355,TRANSITO,36.44,0.88,105.85,55.5,46.31,0,0,91,56.23,0
N00356,SAUDE,34.88,2.148,107.98,28.36,55.84,1,0,54,33.85,0
N00357,TRANSITO,47.96,2.762,159.82,8.21,77.18,3,1,37,59.98,0
N00358,TRANSITO,34.39,1.583,114.53,13.27,66.66,0,0,94,61.19,0
N00359,TELECOM,48.25,2.042,147.49,42.46,75.28,3,0,75,74.29,0
N00360,AGUA,40.55,2.682,144.36,34.02,75.56,4,1,126,49.0,0
N00361,ENERGIA,23.03,1.814,116.78,70.45,50.61,2,0,18,80.16,0
N00362,TRANSITO,40.03,2.413,130.48,125.68,70.36,4,1,13,90.31,0
N00363,SAUDE,29.44,2.197,162.4,44.03,77.41,1,0,64,58.57,0
N00364,ENERGIA,46.82,2.947,167.24,83.2,77.19,2,0,71,59.15,0
N00365,AGUA,39.77,2.764,127.31,71.99,59.3,2,0,133,82.49,0
N00366,TELECOM,59.0,2.223,100.77,56.0,45.16,1,0,53,46.68,0
N00367,TELECOM,46.32,2.768,122.82,39.06,74.91,1,0,26,68.33,0
N00368,ENERGIA,44.0,2.167,130.51,130.7,42.2,1,1,136,72.46,0
N00369,TELECOM,46.48,1.737,173.4,71.05,65.06,5,0,131,49.13,0
N00370,ENERGIA,45.33,2.222,103.75,30.16,64.84,4,1,26,66.36,0
N00371,SAUDE,25.42,2.593,153.31,9.26,70.02,1,1,139,40.78,0
N00372,TELECOM,53.33,2.637,146.18,128.82,70.2,2,2,110,63.78,0
N00373,SAUDE,42.06,2.567,123.09,21.25,74.46,3,0,5,44.83,0
N00374,TRANSITO,39.97,2.346,152.25,56.27,70.88,1,0,129,63.19,0
N00375,AGUA,34.06,2.312,150.28,16.44,67.3,5,0,103,55.4,0
N00376,TELECOM,42.29,2.95,162.3,60.6,79.23,5,0,63,52.48,0
N00377,TRANSITO,41.43,2.873,118.93,22.24,59.04,3,0,91,77.26,0
N00378,SAUDE,48.18,2.186,93.74,32.74,47.13,3,0,51,61.93,0
N00379,ENERGIA,50.63,2.606,110.22,112.09,52.69,2,0,13,60.1,1
N00380,SAUDE,26.84,2.125,148.68,96.31,62.3,1,0,121,70.92,0
N00381,TELECOM,48.77,1.639,133.12,52.36,66.65,1,0,110,73.2,0
N00382,TRANSITO,47.74,2.202,150.22,21.32,78.82,5,2,98,52.98,0
N00383,TRANSITO,56.36,2.224,128.4,7.69,66.6,0,0,102,53.06,0
N00384,ENERGIA,52.45,2.372,120.41,17.14,57.38,5,0,122,60.87,0
N00385,TRANSITO,50.19,2.514,131.34,57.4,56.66,5,0,52,64.21,0
N00386,ENERGIA,55.79,2.928,146.51,31.72,81.69,6,0,47,95.84,0
N00387,TRANSITO,59.33,2.167,147.12,58.8,74.39,2,0,64,58.85,0
N00388,AGUA,36.69,2.342,172.79,55.97,94.15,4,0,72,66.52,0
N00389,TELECOM,63.03,2.947,156.97,101.59,75.13,3,0,105,63.98,0
N00390,TRANSITO,48.93,2.241,108.67,75.7,56.41,4,0,59,15.36,0
N00391,TELECOM,54.98,2.15,140.64,84.55,63.67,3,1,39,62.59,0
N00392,AGUA,23.88,1.346,127.84,81.4,48.95,4,0,70,78.27,0
N00393,SAUDE,42.2,2.337,144.39,60.97,68.19,2,1,47,70.41,0
N00394,TRANSITO,45.19,1.249,127.46,34.2,47.2,2,0,109,58.85,0
N00395,SAUDE,40.49,2.348,78.32,28.27,39.8,1,2,132,58.0,0
N00396,TELECOM,31.7,1.899,96.36,57.28,49.63,1,0,62,57.17,0
N00397,TELECOM,46.56,2.769,172.87,113.2,88.77,4,0,110,73.95,0
N00398,ENERGIA,46.02,3.303,135.84,19.16,80.85,4,1,80,52.51,0
N00399,SAUDE,33.7,1.917,111.89,8.36,45.29,0,1,82,55.19,0
N00400,TELECOM,35.1,2.979,134.13,43.84,62.15,2,0,120,62.95,0
N00401,AGUA,53.05,2.141,137.59,38.15,74.79,1,0,99,42.02,0
N00402,TELECOM,53.44,2.746,118.95,104.24,56.72,1,0,111,93.65,0
N00403,ENERGIA,46.83,2.468,134.14,77.29,69.1,1,0,13,81.96,0
N00404,TRANSITO,43.82,2.407,147.25,88.03,72.91,3,1,50,82.24,0
N00405,TELECOM,51.35,2.476,150.72,113.42,69.83,1,0,5,81.41,0
N00406,AGUA,40.49,2.252,96.18,168.72,49.2,4,0,35,68.3,0
N00407,TELECOM,46.8,1.523,98.26,82.78,48.05,1,0,113,39.35,0
N00408,TELECOM,54.16,1.943,98.77,97.04,48.88,4,0,65,70.12,0
N00409,AGUA,52.13,2.604,102.15,92.56,58.27,0,1,38,43.87,1
N00410,ENERGIA,48.65,1.618,112.41,16.88,64.27,1,0,48,64.69,1
N00411,TRANSITO,35.14,2.147,85.71,39.47,50.85,1,1,79,45.8,0
N00412,SAUDE,35.09,2.083,131.82,75.82,60.04,3,0,102,69.21,0
N00413,AGUA,46.63,2.614,190.75,16.43,100,7,0,97,81.74,0
N00414,AGUA,37.81,1.754,131.03,71.45,69.67,5,0,88,62.61,0
N00415,AGUA,32.61,2.588,89.32,91.2,42.98,0,0,36,69.8,0
N00416,TELECOM,48.23,1.406,117.32,101.15,65.66,3,0,57,50.49,0
N00417,ENERGIA,32.81,2.958,146.89,10.76,76.53,3,0,127,42.33,0
N00418,SAUDE,37.74,2.097,124.82,111.1,59.12,1,0,95,100,0
N00419,TRANSITO,43.22,2.241,145.3,92.45,62.0,1,0,65,75.87,0
N00420,SAUDE,45.49,2.584,143.98,3.62,82.46,4,0,54,64.07,0
N00421,TELECOM,54.8,1.844,100.06,125.74,50.62,3,0,9,72.18,0
N00422,SAUDE,45.46,2.784,131.59,27.55,82.36,1,0,3,70.88,0
N00423,TRANSITO,65.02,2.172,104.48,71.22,50.99,3,0,32,42.72,0
N00424,AGUA,33.67,1.984,99.17,63.26,46.72,1,0,82,64.28,0
N00425,TELECOM,45.7,0.676,146.0,95.42,45.22,1,1,129,63.84,1
N00426,TRANSITO,43.13,2.051,103.11,73.01,50.52,0,0,92,73.27,0
N00427,ENERGIA,52.35,3.388,135.89,29.12,58.31,3,0,73,66.74,0
N00428,TELECOM,49.59,2.371,164.04,75.79,66.66,2,1,49,75.13,0
N00429,SAUDE,30.34,2.73,131.36,53.53,77.97,5,0,101,76.11,1
N00430,TELECOM,50.43,2.297,115.87,80.56,55.16,3,0,10,89.64,0
N00431,TRANSITO,56.29,2.223,142.6,30.72,69.02,3,1,137,52.66,0
N00432,SAUDE,52.75,2.509,144.08,17.41,66.69,2,0,139,54.02,0
N00433,ENERGIA,33.85,2.882,121.47,45.48,61.91,3,1,114,76.57,0
N00434,TRANSITO,46.56,2.625,160.11,10.67,73.85,1,0,136,57.2,0
N00435,TRANSITO,37.38,2.004,98.11,71.62,45.27,3,1,33,56.18,0
N00436,TELECOM,52.62,2.41,155.72,169.58,78.36,4,1,114,51.62,0
N00437,SAUDE,41.17,1.954,84.01,41.04,27.83,4,0,64,80.63,0
N00438,TRANSITO,47.98,3.022,153.03,13.09,80.6,2,0,68,29.88,0
N00439,TRANSITO,46.35,3.565,184.83,56.56,100,3,0,136,62.72,0
N00440,TELECOM,39.66,1.984,156.66,165.65,89.2,1,0,120,48.89,0
N00441,TRANSITO,46.58,1.573,102.58,42.86,38.09,2,0,72,46.25,0
N00442,AGUA,37.45,1.993,148.52,43.14,73.67,3,0,106,49.29,0
N00443,TRANSITO,45.5,2.233,99.99,67.91,56.47,1,0,57,65.05,0
N00444,SAUDE,39.82,1.872,98.92,23.18,48.97,1,0,132,18.69,0
N00445,TRANSITO,37.76,3.256,145.48,54.55,67.95,2,0,36,57.56,0
N00446,AGUA,55.02,2.331,140.71,4.51,80.07,3,1,70,29.5,0
N00447,TRANSITO,62.61,2.933,157.98,12.0,78.64,3,0,76,58.86,0
N00448,SAUDE,47.1,1.84,191.6,38.95,88.55,6,0,66,52.24,0
N00449,AGUA,46.75,2.702,147.12,17.22,74.03,2,0,139,45.54,0
N00450,AGUA,25.06,2.71,133.38,25.98,69.66,4,0,89,64.31,0
N00451,SAUDE,41.64,1.768,121.48,51.71,56.18,3,1,25,92.74,0
N00452,AGUA,47.51,2.419,116.86,49.46,65.23,3,2,15,34.21,0
N00453,AGUA,39.26,2.145,140.96,81.19,53.76,5,1,122,78.97,1
N00454,TRANSITO,48.23,2.877,175.81,21.24,78.42,3,1,50,21.05,0
N00455,AGUA,57.6,2.299,151.34,35.75,64.46,0,2,123,66.72,0
N00456,TRANSITO,51.93,2.421,137.53,92.1,84.6,5,0,93,46.62,1
N00457,SAUDE,38.17,2.726,145.62,76.76,66.31,1,0,138,53.85,0
N00458,TELECOM,56.76,2.228,132.3,75.42,62.22,1,1,104,54.11,0
N00459,AGUA,32.88,2.634,117.57,20.29,57.89,1,0,92,73.58,0
N00460,SAUDE,19.33,3.44,161.01,66.76,89.32,3,1,63,60.01,0
N00461,ENERGIA,52.36,3.663,185.75,37.51,94.74,6,2,88,57.59,0
N00462,ENERGIA,32.02,3.57,126.2,57.85,51.69,3,0,106,42.85,0
N00463,TRANSITO,46.0,1.873,127.67,24.86,63.5,4,0,5,82.88,0
N00464,TELECOM,43.66,1.765,132.85,69.26,60.4,7,0,91,47.43,0
N00465,TRANSITO,50.77,2.54,161.67,48.37,97.45,2,0,57,76.99,0
N00466,AGUA,44.67,2.037,116.67,11.45,74.58,5,1,61,65.98,0
N00467,AGUA,17.3,3.309,145.18,49.19,67.44,3,0,140,53.18,0
N00468,AGUA,47.63,1.873,116.42,46.99,57.67,2,0,24,56.97,0
N00469,TRANSITO,43.59,2.112,110.31,86.84,40.42,4,1,88,50.06,1
N00470,TELECOM,51.1,2.612,154.19,81.9,77.56,2,0,73,45.07,0
N00471,TELECOM,46.31,2.392,172.61,42.92,93.75,5,1,50,89.73,1
N00472,TELECOM,50.27,2.707,149.65,96.37,82.31,4,0,25,58.25,0
N00473,TELECOM,41.46,2.35,165.26,51.11,89.52,4,0,139,63.82,0
N00474,AGUA,56.21,3.073,166.54,149.71,84.06,4,0,100,46.23,1
N00475,SAUDE,53.95,2.751,196.07,6.76,99.36,4,0,114,41.08,0
N00476,AGUA,48.55,2.345,109.77,15.44,57.34,1,0,27,61.91,0
N00477,TRANSITO,36.81,2.299,106.63,88.02,56.26,1,0,42,40.3,0
N00478,TRANSITO,53.89,2.852,116.9,13.58,63.97,2,0,104,55.72,0
N00479,AGUA,41.88,2.845,124.76,55.32,71.91,2,0,21,66.78,0
N00480,SAUDE,44.22,1.894,136.8,35.27,63.66,1,0,94,56.89,0
N00481,SAUDE,43.7,1.993,150.45,170.94,71.3,3,0,125,57.35,0
N00482,ENERGIA,42.47,1.524,112.39,169.88,47.04,6,0,70,47.22,0
N00483,TELECOM,47.53,1.802,126.57,61.96,69.36,1,0,7,51.62,0
N00484,SAUDE,43.5,2.368,150.97,98.62,73.69,4,0,125,68.17,0
N00485,SAUDE,46.12,2.458,145.96,28.25,63.31,2,0,128,91.74,0
N00486,SAUDE,45.78,2.151,182.54,40.88,85.44,5,0,140,49.87,0
N00487,AGUA,59.85,2.443,150.34,112.14,90.94,2,0,9,45.8,1
N00488,TRANSITO,40.15,2.54,108.03,76.21,49.59,0,0,32,91.3,0
N00489,TRANSITO,45.4,2.598,152.52,166.39,78.74,6,1,129,66.04,0
N00490,ENERGIA,44.86,2.781,124.36,103.58,64.66,4,0,23,58.67,1
N00491,TRANSITO,46.54,1.642,116.88,88.85,54.91,3,0,35,43.29,0
N00492,ENERGIA,41.75,2.202,113.28,60.67,57.52,1,0,49,60.7,0
N00493,TRANSITO,54.05,2.335,168.96,61.48,89.57,5,0,25,54.91,0
N00494,AGUA,40.82,1.462,113.44,50.83,62.56,6,0,28,42.64,0
N00495,TELECOM,53.21,2.711,104.41,93.19,77.13,2,1,10,54.13,0
N00496,AGUA,40.18,1.552,69.86,67.5,25.53,2,0,13,39.72,0
N00497,TRANSITO,57.39,2.703,154.38,51.92,71.34,3,1,119,35.6,0
N00498,AGUA,59.97,2.686,140.23,42.62,65.23,1,0,72,79.42,0
N00499,AGUA,37.08,1.833,115.35,16.01,46.99,4,1,132,54.45,0
N00500,TRANSITO,70.13,3.364,170.03,121.54,80.09,1,1,30,35.88,0
N00501,TELECOM,62.92,2.789,157.1,183.91,84.01,4,0,46,63.69,0
N00502,SAUDE,31.05,0.958,112.19,115.72,38.84,3,1,120,67.35,0
N00503,ENERGIA,65.02,2.149,113.25,146.36,56.36,3,0,26,100,0
N00504,ENERGIA,48.76,2.461,134.86,44.22,65.37,4,1,93,63.5,0
N00505,TRANSITO,38.53,3.153,139.61,50.5,61.01,1,1,122,64.66,0
N00506,AGUA,37.85,2.13,171.61,45.43,88.26,4,1,84,38.36,0
N00507,TRANSITO,32.61,2.747,133.68,84.88,78.12,0,0,38,78.83,0
N00508,AGUA,25.98,1.873,127.69,56.54,75.5,4,0,10,79.48,1
N00509,AGUA,45.81,3.152,139.61,18.95,76.25,2,1,22,63.84,1
N00510,TRANSITO,39.85,2.357,152.18,30.58,58.46,1,1,127,54.27,0
N00511,TELECOM,61.59,2.05,104.23,87.49,60.15,5,1,34,44.25,0
N00512,TRANSITO,47.46,1.78,100.35,39.95,61.21,1,0,38,62.72,0
N00513,ENERGIA,47.28,2.905,131.82,133.21,75.0,0,1,96,23.63,0
N00514,SAUDE,45.8,3.024,163.65,120.89,90.27,3,0,70,67.35,0
N00515,TRANSITO,50.75,1.401,105.19,18.78,59.1,3,0,92,63.37,0
N00516,ENERGIA,47.72,2.221,134.77,62.65,69.36,0,0,104,61.38,0
N00517,TELECOM,54.37,2.793,92.59,48.61,52.11,3,1,100,70.18,0
N00518,TRANSITO,42.33,2.033,135.67,43.14,46.84,3,0,132,57.89,0
N00519,TRANSITO,48.24,2.238,133.65,52.93,64.71,1,1,47,68.31,0
N00520,TRANSITO,41.38,1.423,126.66,43.13,58.47,4,0,24,86.65,0
N00521,TELECOM,43.82,2.007,93.4,35.16,43.95,2,0,74,63.31,0
N00522,ENERGIA,73.14,2.512,154.45,75.13,84.15,3,1,65,38.24,0
N00523,SAUDE,37.59,2.285,108.32,118.14,52.2,3,0,55,69.49,0
N00524,TRANSITO,39.28,1.872,90.16,54.31,51.6,3,0,37,44.62,0
N00525,SAUDE,35.57,2.211,132.23,77.64,60.06,3,0,105,39.94,0
N00526,TRANSITO,46.29,1.842,68.98,68.95,39.36,0,0,18,54.2,0
N00527,SAUDE,39.52,2.042,106.97,73.9,51.91,1,0,94,48.3,0
N00528,TRANSITO,45.98,2.0,161.46,116.22,77.77,3,1,59,64.76,0
N00529,TELECOM,45.68,2.593,157.21,35.82,71.7,3,0,134,73.67,0
N00530,TELECOM,38.83,2.8,146.1,54.3,62.04,2,0,90,67.33,0
N00531,TRANSITO,43.64,3.022,132.45,51.14,74.48,4,0,13,71.02,0
N00532,TRANSITO,44.57,2.115,139.38,66.65,64.65,4,0,65,91.31,0
N00533,TRANSITO,52.37,2.599,135.12,21.02,72.81,2,0,87,50.1,0
N00534,TELECOM,41.06,2.707,141.42,48.97,71.19,5,0,84,43.9,0
N00535,ENERGIA,36.72,2.429,161.49,15.79,71.94,0,0,99,32.8,0
N00536,ENERGIA,49.74,2.478,89.09,67.39,50.56,2,0,61,50.67,0
N00537,TRANSITO,48.33,2.432,133.62,69.23,75.17,2,0,12,71.91,0
N00538,TRANSITO,45.22,2.346,158.74,58.5,73.02,2,0,43,70.11,0
N00539,ENERGIA,39.75,2.687,150.67,43.66,71.75,1,1,36,65.4,0
N00540,TELECOM,44.48,1.677,100.44,35.05,28.38,1,0,136,92.25,0
N00541,TRANSITO,47.11,2.035,117.4,20.02,52.33,2,1,136,53.05,0
N00542,AGUA,29.08,2.645,157.57,2.4,100,4,0,31,84.07,0
N00543,AGUA,42.54,2.465,127.56,58.01,72.21,3,0,28,65.42,0
N00544,TELECOM,39.75,2.226,144.65,173.45,69.98,5,0,97,77.4,0
N00545,ENERGIA,52.12,2.322,106.94,40.03,43.31,3,0,76,64.56,0
N00546,ENERGIA,64.29,3.174,196.68,27.72,99.37,6,0,83,57.92,0
N00547,SAUDE,44.45,2.29,120.81,46.63,67.61,3,0,79,62.69,0
N00548,TELECOM,47.65,2.146,150.67,53.41,52.32,2,0,123,60.28,0
N00549,TRANSITO,45.38,3.023,145.93,76.16,65.8,4,0,95,69.24,0
N00550,TRANSITO,46.24,1.914,109.54,15.53,55.52,1,0,29,46.39,0
N00551,TRANSITO,48.44,2.646,156.82,66.78,65.17,4,0,132,54.39,0
N00552,AGUA,59.17,1.959,154.75,90.02,71.66,3,0,76,59.87,0
N00553,TELECOM,49.64,1.931,153.53,39.91,83.12,3,1,37,58.42,0
N00554,TRANSITO,35.13,2.178,91.9,85.56,46.04,1,0,89,80.71,0
N00555,TRANSITO,45.29,2.569,101.38,37.4,59.22,1,0,14,53.59,0
N00556,TRANSITO,51.83,2.653,183.35,3.84,93.66,4,0,88,66.15,0
N00557,ENERGIA,40.27,3.318,136.28,28.3,73.38,2,1,109,58.61,0
N00558,TELECOM,37.52,2.718,141.54,215.75,74.47,1,0,13,82.57,0
N00559,TRANSITO,34.88,2.936,129.55,102.04,73.6,4,0,51,48.39,0
N00560,SAUDE,48.67,2.053,127.78,35.23,57.77,2,0,112,85.22,0
N00561,TRANSITO,41.44,3.002,160.55,38.82,92.04,5,0,11,47.35,0
N00562,ENERGIA,52.26,3.365,125.46,4.51,77.5,3,1,49,82.0,0
N00563,TRANSITO,36.51,2.253,139.45,45.78,48.8,2,1,71,53.32,0
N00564,SAUDE,41.57,1.94,155.59,57.36,70.5,2,0,78,56.22,0
N00565,TRANSITO,57.71,2.97,100.46,79.07,72.25,0,0,10,80.32,0
N00566,TELECOM,38.9,2.465,137.55,69.53,80.84,3,0,44,71.18,0
N00567,TELECOM,52.1,2.016,140.16,24.48,70.53,3,0,68,71.6,0
N00568,AGUA,45.61,2.497,135.19,86.7,68.95,4,0,66,77.02,0
N00569,SAUDE,57.81,2.214,169.76,58.72,78.91,2,0,69,63.83,0
N00570,TRANSITO,43.59,2.423,120.59,75.06,69.51,5,0,16,73.99,0
N00571,SAUDE,38.2,2.811,160.86,9.88,77.91,3,0,122,97.67,0
N00572,AGUA,39.77,2.045,128.63,80.44,75.81,5,0,22,61.62,0
N00573,SAUDE,44.02,2.07,106.6,42.26,68.44,4,0,55,87.75,0
N00574,ENERGIA,46.76,3.578,128.61,124.39,76.74,0,0,69,72.83,0
N00575,AGUA,35.7,2.789,125.8,63.76,71.78,3,0,13,100,0
N00576,TRANSITO,50.17,2.56,172.18,69.24,91.6,5,3,68,62.26,0
N00577,TRANSITO,47.8,2.689,103.88,13.86,58.06,5,1,11,64.65,0
N00578,ENERGIA,63.66,2.614,125.19,34.36,57.77,5,1,120,50.75,0
N00579,TRANSITO,45.06,3.172,184.74,25.62,97.65,3,0,23,53.04,0
N00580,TRANSITO,31.58,2.598,113.55,29.86,45.13,2,0,124,73.17,0
N00581,AGUA,38.2,2.672,160.29,133.73,81.18,3,0,78,50.93,0
N00582,TELECOM,41.18,2.077,95.54,72.89,47.48,2,0,90,55.45,0
N00583,AGUA,35.62,2.123,152.64,87.01,77.25,3,0,67,58.2,0
N00584,ENERGIA,46.88,3.22,158.28,2.4,79.19,2,0,67,43.81,0
N00585,ENERGIA,47.89,2.951,109.69,11.46,60.38,2,1,53,51.88,1
N00586,TRANSITO,40.48,2.625,67.97,29.56,45.27,1,0,30,41.64,0
N00587,TRANSITO,53.56,2.258,134.11,36.12,67.68,5,1,128,54.18,0
N00588,TELECOM,45.68,2.485,130.56,46.85,63.66,1,0,55,72.46,0
N00589,ENERGIA,37.2,2.244,132.8,87.6,52.25,4,0,119,55.68,0
N00590,TRANSITO,43.04,2.282,94.46,90.82,55.17,2,0,8,56.74,0
N00591,TRANSITO,44.54,2.506,134.51,13.03,52.62,2,0,83,54.89,0
N00592,AGUA,46.02,1.892,141.03,47.88,64.07,3,0,77,37.57,0
N00593,TRANSITO,46.37,2.072,169.08,90.79,85.92,4,0,93,56.9,0
N00594,SAUDE,45.49,2.59,141.13,120.07,72.5,2,0,47,100,0
N00595,TELECOM,47.02,2.125,119.78,29.24,62.54,1,1,137,32.62,0
N00596,TRANSITO,40.69,2.073,113.95,85.87,45.82,1,0,117,96.27,0
N00597,TRANSITO,32.11,2.74,188.67,9.31,94.28,2,0,136,42.79,0
N00598,TRANSITO,57.36,2.551,150.76,163.03,71.14,2,1,37,45.8,0
N00599,TRANSITO,36.74,3.315,170.04,100.08,94.33,4,0,21,62.83,0
N00600,SAUDE,31.84,2.856,135.28,30.04,69.94,1,1,8,59.41,0
N00601,TELECOM,52.87,1.285,131.07,74.08,43.23,2,0,141,67.24,0
N00602,TRANSITO,52.76,1.536,124.39,81.68,57.74,0,0,123,48.9,0
N00603,SAUDE,41.34,2.939,124.85,12.88,75.92,2,2,32,54.9,0
N00604,SAUDE,36.0,2.328,145.82,25.0,66.12,0,0,97,74.85,1
N00605,TELECOM,50.31,1.163,117.69,34.76,46.29,3,0,122,60.51,0
N00606,SAUDE,36.19,1.649,75.94,33.35,39.06,1,0,59,52.23,0
N00607,TELECOM,45.58,2.762,197.42,72.94,100,1,1,134,97.72,0
N00608,SAUDE,42.46,3.41,148.36,51.12,90.25,3,0,35,97.93,1
N00609,ENERGIA,49.97,2.211,141.93,61.63,58.61,1,1,64,26.33,0
N00610,TRANSITO,42.28,2.6,148.5,11.39,71.45,3,0,65,31.51,0
N00611,TELECOM,45.3,2.595,124.98,74.7,63.69,2,0,18,60.3,0
N00612,ENERGIA,52.5,2.273,135.44,74.05,60.35,2,1,110,61.6,0
N00613,TRANSITO,43.27,2.904,111.62,4.52,58.12,1,0,137,80.78,0
N00614,SAUDE,59.36,1.962,129.89,45.01,72.73,0,0,92,53.16,0
N00615,SAUDE,37.67,2.583,88.93,18.68,57.15,3,0,8,71.06,0
N00616,ENERGIA,60.47,2.131,157.54,10.06,97.36,7,1,6,44.86,0
N00617,TRANSITO,60.02,1.531,110.22,41.71,46.16,2,0,136,55.47,0
N00618,SAUDE,41.31,2.495,107.43,45.92,62.71,1,0,18,49.33,0
N00619,ENERGIA,48.69,2.961,105.36,20.11,58.78,3,0,73,71.96,1
N00620,TRANSITO,55.43,2.084,122.58,41.44,64.46,4,0,19,65.01,0
N00621,AGUA,35.39,1.946,132.71,16.27,65.37,3,1,17,46.66,0
N00622,SAUDE,42.4,2.674,138.47,45.22,60.68,3,1,137,72.34,0
N00623,AGUA,36.75,2.97,145.86,47.65,86.17,4,0,17,55.32,0
N00624,TELECOM,43.64,1.782,116.69,91.88,63.63,5,1,26,64.79,0
N00625,AGUA,46.99,2.753,118.05,43.56,68.32,5,0,17,79.22,1
N00626,TELECOM,42.0,2.656,177.38,74.1,84.06,5,0,141,72.77,0
N00627,ENERGIA,46.28,2.624,135.57,17.75,47.07,3,0,104,76.72,0
N00628,TRANSITO,47.41,2.457,171.37,331.04,89.76,7,0,136,98.14,0
N00629,TRANSITO,38.4,1.775,156.26,35.44,74.14,2,0,136,50.1,0
N00630,ENERGIA,50.66,3.004,114.01,58.38,68.02,1,0,24,59.96,0
N00631,TRANSITO,45.46,2.582,124.2,28.94,59.08,3,0,34,75.97,0
N00632,SAUDE,42.02,2.181,143.89,69.92,80.42,3,1,76,52.95,0
N00633,TELECOM,50.52,1.861,121.61,37.09,59.32,0,0,70,58.41,0
N00634,ENERGIA,52.07,2.549,137.79,70.28,80.46,4,0,56,65.14,0
N00635,TELECOM,56.96,2.193,118.39,62.2,69.38,5,0,94,54.52,0
N00636,SAUDE,41.95,2.936,128.38,31.45,67.81,3,0,123,35.32,0
N00637,TRANSITO,42.33,1.441,103.39,12.92,42.95,1,1,73,72.41,0
N00638,TRANSITO,44.98,1.926,117.45,88.34,51.17,2,0,11,70.91,0
N00639,AGUA,40.38,2.45,97.14,68.99,47.48,1,1,36,67.31,0
N00640,AGUA,39.22,1.549,111.43,132.46,59.67,4,0,50,47.82,1
N00641,AGUA,38.58,2.008,135.13,15.77,61.85,3,0,139,96.23,0
N00642,TRANSITO,54.66,2.388,153.05,28.39,63.29,2,1,75,58.18,0
N00643,AGUA,35.1,1.529,87.14,25.93,36.13,3,0,82,62.77,0
N00644,ENERGIA,58.19,1.775,118.7,62.76,61.76,2,2,58,70.61,0
N00645,TELECOM,46.43,2.46,139.39,29.74,79.74,5,0,32,40.06,0
N00646,ENERGIA,38.09,2.584,137.93,47.75,62.98,2,0,92,79.06,0
N00647,TRANSITO,40.59,1.912,113.98,100.85,57.62,3,1,112,57.04,0
N00648,AGUA,33.45,2.555,151.08,65.44,63.76,2,0,141,44.06,0
N00649,TELECOM,52.67,2.562,109.32,48.82,40.46,0,0,67,68.82,0
N00650,TRANSITO,33.0,1.59,114.63,88.06,53.79,0,0,51,51.52,0
N00651,SAUDE,40.23,2.619,158.8,131.33,77.41,3,1,49,52.7,0
N00652,ENERGIA,40.69,2.759,119.65,42.46,63.97,2,1,135,96.47,0
N00653,SAUDE,34.21,2.72,137.18,52.36,60.5,3,0,63,41.79,0
N00654,TELECOM,42.29,1.945,151.03,134.26,67.94,4,0,143,25.75,0
N00655,SAUDE,47.92,2.179,155.45,47.23,83.59,4,0,30,51.7,0
N00656,SAUDE,36.08,2.803,119.56,26.1,57.78,3,1,15,66.08,0
N00657,SAUDE,40.32,2.506,117.89,21.49,76.65,3,0,26,85.65,1
N00658,TELECOM,42.36,2.295,126.6,69.85,71.69,2,0,5,60.91,0
N00659,ENERGIA,28.4,1.727,121.35,56.42,47.87,5,0,122,43.18,0
N00660,ENERGIA,36.19,2.559,123.43,20.08,67.52,0,1,122,37.67,0
N00661,SAUDE,39.85,2.306,130.04,12.34,68.34,2,1,30,73.44,0
N00662,SAUDE,39.79,1.758,69.9,30.07,34.18,4,0,4,51.54,0
N00663,TELECOM,48.31,2.027,107.93,128.52,56.21,0,0,73,81.9,0
N00664,TRANSITO,45.34,2.707,131.88,15.18,61.05,3,0,115,28.53,0
N00665,ENERGIA,46.55,2.838,155.43,26.75,78.12,0,0,131,67.85,0
N00666,ENERGIA,51.84,3.436,192.42,29.09,91.56,2,0,121,74.77,1
N00667,TELECOM,50.27,1.548,138.28,58.45,60.56,4,0,101,52.24,0
N00668,ENERGIA,28.41,3.343,164.46,48.53,78.26,6,0,124,37.38,0
N00669,ENERGIA,52.52,2.068,134.38,102.41,53.61,3,1,108,86.78,0
N00670,SAUDE,41.05,2.727,144.96,13.19,63.98,5,0,122,78.92,0
N00671,SAUDE,42.79,2.683,166.76,23.81,55.03,4,0,76,90.3,0
N00672,TRANSITO,52.86,1.664,129.78,27.23,69.87,4,0,63,64.35,1
N00673,TELECOM,45.31,2.656,173.28,83.08,80.14,0,0,130,53.82,0
N00674,TELECOM,46.79,1.891,127.96,95.2,68.38,3,0,5,49.02,1
N00675,ENERGIA,49.92,3.443,137.25,37.28,78.73,3,0,61,92.83,0
N00676,ENERGIA,59.09,1.564,92.23,46.25,53.57,2,1,25,46.4,0
N00677,SAUDE,46.69,2.262,201.04,126.62,92.98,2,0,91,72.85,0
N00678,SAUDE,31.58,2.517,159.91,42.46,74.38,4,1,80,50.76,0
N00679,TELECOM,26.9,1.782,108.21,66.44,40.25,1,1,137,64.95,0
N00680,TELECOM,50.64,1.742,97.89,97.76,53.01,2,0,25,47.72,0
N00681,ENERGIA,50.55,3.121,103.68,21.08,74.32,2,0,20,67.9,0
N00682,SAUDE,55.37,2.178,111.45,73.24,51.6,4,0,77,77.89,0
N00683,TRANSITO,48.39,2.371,170.38,111.02,77.67,4,0,106,65.45,0
N00684,SAUDE,38.42,2.02,105.4,21.71,47.66,1,0,61,60.99,0
N00685,TRANSITO,44.54,2.527,130.23,86.8,70.08,3,0,20,54.12,0
N00686,TELECOM,52.52,2.568,139.11,38.93,76.33,1,1,54,54.54,0
N00687,AGUA,41.72,2.845,100.64,103.6,64.13,3,1,11,85.7,0
N00688,ENERGIA,49.48,3.569,149.9,6.97,94.1,3,3,45,59.49,1
N00689,SAUDE,41.47,2.183,167.45,164.26,65.2,3,0,143,67.44,0
N00690,AGUA,33.92,2.412,148.47,27.14,77.46,5,0,89,64.22,0
N00691,TRANSITO,47.75,1.871,108.55,89.04,39.57,2,0,103,53.66,0
N00692,TELECOM,45.35,2.224,96.3,41.36,38.33,2,0,115,48.93,0
N00693,TELECOM,46.52,2.296,146.48,88.72,79.0,3,0,48,86.43,0
N00694,TRANSITO,42.83,3.048,158.46,19.56,84.45,1,0,108,74.08,1
N00695,SAUDE,36.12,1.562,125.51,25.96,64.37,3,1,14,52.1,0
N00696,SAUDE,46.24,2.466,150.82,31.34,71.22,0,0,119,86.83,0
N00697,ENERGIA,54.21,2.542,133.9,64.21,60.81,2,0,53,51.04,0
N00698,TRANSITO,37.75,2.177,62.37,46.86,28.03,1,0,36,84.66,0
N00699,ENERGIA,48.91,2.926,130.02,15.08,70.48,3,0,35,55.25,1
N00700,ENERGIA,49.14,2.806,115.72,18.38,56.3,3,0,42,77.76,0
