unidade_id,setor,temperatura,vibracao,consumo_energia,latencia_rede,carga_sistema,erros_24h,manutencoes_30d,idade_equipamento_meses,umidade,fluxo_dados,codigo_manutencao
OP00001,SAUDE,37.33,3.001,124.89,4.27,60.97,6,0,55,77.27,827.79,NAO_DISPONIVEL
OP00002,TELECOM,50.4,2.437,113.86,59.83,27.27,5,2,138,78.94,534.61,NAO_DISPONIVEL
OP00003,AGUA,36.32,3.815,148.96,67.71,69.84,3,1,25,91.84,1287.85,NAO_DISPONIVEL
OP00004,TRANSITO,,2.348,92.39,50.18,59.8,2,0,17,21.57,913.37,NAO_DISPONIVEL
OP00005,AGUA,42.75,2.955,137.25,23.06,80.75,1,0,54,73.86,1328.13,NAO_DISPONIVEL
OP00006,TELECOM,45.28,3.129,130.82,,65.4,3,0,64,53.5,877.38,NAO_DISPONIVEL
OP00007,TRANSITO,56.24,2.607,114.47,51.71,56.74,5,1,8,81.49,1163.35,NAO_DISPONIVEL
OP00008,TELECOM,51.4,3.623,91.44,20.11,64.22,2,1,27,74.35,1173.29,NAO_DISPONIVEL
OP00009,ENERGIA,51.89,3.118,130.7,10.83,67.94,1,0,129,47.68,896.96,NAO_DISPONIVEL
OP00010,AGUA,45.74,3.56,101.75,57.95,65.77,4,1,77,44.34,1237.76,NAO_DISPONIVEL
OP00011,SAUDE,38.81,1.258,103.6,23.31,44.39,3,0,117,68.2,1250.02,NAO_DISPONIVEL
OP00012,TELECOM,49.63,1.312,109.88,36.27,70.57,2,0,86,44.94,1375.43,NAO_DISPONIVEL
OP00013,TRANSITO,52.87,1.906,116.24,160.46,62.15,3,0,76,80.92,1133.6,NAO_DISPONIVEL
OP00014,TRANSITO,168.92,2.959,90.89,,45.64,0,0,46,78.96,1283.5,NAO_DISPONIVEL
OP00015,ENERGIA,48.5,2.862,123.99,22.0,63.01,1,1,30,43.39,1245.4,NAO_DISPONIVEL
OP00016,TRANSITO,40.7,2.894,77.07,13.04,52.76,1,0,17,79.54,826.46,NAO_DISPONIVEL
OP00017,TELECOM,44.43,2.715,90.89,,46.67,5,1,64,89.03,925.04,NAO_DISPONIVEL
OP00018,TELECOM,55.74,0.088,85.59,,49.98,2,0,8,76.47,996.46,NAO_DISPONIVEL
OP00019,ENERGIA,53.33,3.878,104.19,26.72,58.69,0,0,93,69.12,900.96,NAO_DISPONIVEL
OP00020,SAUDE,42.7,4.322,146.91,70.73,100.0,0,1,40,49.23,1627.74,NAO_DISPONIVEL
OP00021,ENERGIA,58.19,3.138,138.05,65.04,86.17,2,0,116,86.95,985.92,NAO_DISPONIVEL
OP00022,TELECOM,55.59,2.641,140.31,78.8,64.88,2,0,5,75.19,1494.18,NAO_DISPONIVEL
OP00023,ENERGIA,46.67,2.819,155.14,63.25,77.76,2,1,77,45.88,951.76,NAO_DISPONIVEL
OP00024,SAUDE,33.15,1.91,130.38,9.46,66.81,3,0,58,43.82,916.31,NAO_DISPONIVEL
OP00025,SAUDE,41.3,2.0,103.89,48.42,59.12,1,1,95,58.54,846.53,NAO_DISPONIVEL
OP00026,SAUDE,41.39,3.081,135.14,94.55,48.73,5,1,112,56.49,1251.08,NAO_DISPONIVEL
OP00027,TELECOM,39.91,2.148,152.08,49.78,71.42,2,0,64,82.04,1051.57,NAO_DISPONIVEL
OP00028,SAUDE,44.49,1.797,133.06,26.78,53.97,1,1,102,55.25,1171.71,NAO_DISPONIVEL
OP00029,AGUA,37.67,3.533,128.87,35.29,72.99,6,1,26,59.28,1207.51,NAO_DISPONIVEL
OP00030,SAUDE,41.46,3.197,134.52,,76.55,4,2,81,77.3,1286.15,NAO_DISPONIVEL
OP00031,TRANSITO,49.78,2.449,139.36,113.81,76.46,2,0,20,75.56,999.58,NAO_DISPONIVEL
OP00032,AGUA,35.41,2.142,32.65,66.88,19.79,2,0,22,56.79,580.58,NAO_DISPONIVEL
OP00033,ENERGIA,44.74,3.062,120.96,6.44,71.35,1,1,33,52.25,956.77,NAO_DISPONIVEL
OP00034,TRANSITO,46.4,2.401,90.73,105.88,43.49,0,0,36,68.05,664.28,NAO_DISPONIVEL
OP00035,SAUDE,53.08,2.687,149.89,28.82,80.08,4,0,12,65.88,1366.75,NAO_DISPONIVEL
OP00036,ENERGIA,56.9,3.592,130.93,52.12,82.06,5,0,51,58.71,1404.2,NAO_DISPONIVEL
OP00037,ENERGIA,60.23,3.82,149.74,20.45,67.68,3,2,76,53.48,743.3,NAO_DISPONIVEL
OP00038,AGUA,35.81,1.904,82.82,91.26,31.4,0,1,91,61.84,665.81,NAO_DISPONIVEL
OP00039,TRANSITO,37.18,2.537,152.47,113.0,61.68,2,0,22,78.39,917.7,NAO_DISPONIVEL
OP00040,TRANSITO,37.29,,63.99,45.27,39.66,1,1,45,75.84,891.79,NAO_DISPONIVEL
OP00041,TRANSITO,52.89,3.012,132.45,7.52,72.5,2,0,108,64.1,1116.06,NAO_DISPONIVEL
OP00042,TRANSITO,56.05,2.31,155.03,13.39,75.43,2,0,16,72.05,1280.41,NAO_DISPONIVEL
OP00043,AGUA,34.0,1.701,71.68,44.33,34.15,3,1,80,66.2,622.35,NAO_DISPONIVEL
OP00044,TELECOM,49.94,2.177,120.76,8.74,68.81,1,0,17,33.24,1475.85,NAO_DISPONIVEL
OP00045,TELECOM,49.1,2.846,102.51,67.28,54.85,0,0,28,62.06,718.14,NAO_DISPONIVEL
OP00046,TRANSITO,132.54,,150.25,,83.59,8,0,86,32.83,1295.59,NAO_DISPONIVEL
OP00047,ENERGIA,50.22,3.253,105.54,10.53,37.53,4,2,42,81.06,854.31,NAO_DISPONIVEL
OP00048,TELECOM,63.73,3.374,177.09,,81.51,2,0,144,66.33,980.69,NAO_DISPONIVEL
OP00049,TELECOM,42.74,3.352,179.58,76.75,78.78,0,0,142,65.09,1033.05,NAO_DISPONIVEL
OP00050,SAUDE,46.85,8.034,135.28,46.45,62.21,1,1,89,62.2,1185.27,NAO_DISPONIVEL
OP00051,AGUA,39.79,3.538,112.37,55.74,49.36,3,0,42,49.54,1285.55,NAO_DISPONIVEL
OP00052,TRANSITO,51.98,2.606,122.76,30.03,74.66,2,0,130,76.14,1213.81,NAO_DISPONIVEL
OP00053,TRANSITO,43.02,2.054,65.58,51.28,42.51,3,0,24,97.15,1276.4,NAO_DISPONIVEL
OP00054,SAUDE,39.63,,102.94,30.11,42.22,4,0,34,52.72,858.93,NAO_DISPONIVEL
OP00055,TELECOM,53.14,2.058,100.48,67.29,54.6,3,0,13,55.05,1176.82,NAO_DISPONIVEL
OP00056,TELECOM,46.51,2.114,118.39,61.3,56.96,2,2,53,74.02,1379.21,NAO_DISPONIVEL
OP00057,ENERGIA,55.79,3.551,176.21,54.05,100.0,3,2,33,67.28,1495.78,NAO_DISPONIVEL
OP00058,TELECOM,42.78,1.865,91.97,39.96,50.17,3,2,87,60.01,1149.87,NAO_DISPONIVEL
OP00059,TELECOM,46.77,1.762,141.76,149.86,59.91,1,0,130,96.73,1365.12,NAO_DISPONIVEL
OP00060,ENERGIA,43.95,3.655,117.19,79.59,55.82,1,0,67,77.78,1214.07,NAO_DISPONIVEL
OP00061,TRANSITO,48.24,3.254,166.26,22.01,64.1,3,0,138,74.39,895.18,NAO_DISPONIVEL
OP00062,AGUA,45.15,1.849,85.71,93.34,51.26,1,0,54,56.67,1004.17,NAO_DISPONIVEL
OP00063,ENERGIA,62.34,3.064,149.6,47.22,79.33,1,0,8,55.73,1620.7,NAO_DISPONIVEL
OP00064,AGUA,37.7,,71.1,120.97,46.08,1,1,35,44.06,835.97,NAO_DISPONIVEL
OP00065,ENERGIA,52.28,,143.55,26.84,75.48,5,1,134,52.46,1453.41,NAO_DISPONIVEL
OP00066,AGUA,40.44,2.772,75.03,34.77,41.49,0,0,48,57.58,1115.53,NAO_DISPONIVEL
OP00067,TELECOM,44.26,0.879,116.32,9.18,50.91,6,0,82,40.45,1197.85,NAO_DISPONIVEL
OP00068,AGUA,32.6,1.895,70.82,6.46,26.48,1,1,47,46.52,703.49,NAO_DISPONIVEL
OP00069,TRANSITO,45.51,3.476,141.66,19.27,66.2,1,1,94,66.78,1227.13,NAO_DISPONIVEL
OP00070,ENERGIA,46.44,2.649,143.58,18.45,50.54,4,0,133,53.44,1250.83,NAO_DISPONIVEL
OP00071,TRANSITO,54.33,3.221,159.87,36.32,70.26,3,2,76,53.01,1184.06,NAO_DISPONIVEL
OP00072,AGUA,37.26,5.251,99.67,45.61,71.65,2,0,23,84.65,639.1,NAO_DISPONIVEL
OP00073,TELECOM,41.23,2.049,132.15,169.86,71.96,2,0,77,80.9,688.07,NAO_DISPONIVEL
OP00074,ENERGIA,53.03,2.547,156.54,26.24,68.17,3,1,133,63.53,1235.29,NAO_DISPONIVEL
OP00075,TRANSITO,47.82,1.616,122.63,,55.69,2,0,113,95.62,1166.22,NAO_DISPONIVEL
OP00076,AGUA,41.51,2.944,90.45,60.99,60.65,4,0,69,80.18,1426.7,NAO_DISPONIVEL
OP00077,TELECOM,49.86,0.189,81.7,13.6,30.97,1,0,15,54.34,349.47,NAO_DISPONIVEL
OP00078,TELECOM,62.69,1.661,114.79,61.74,57.29,3,1,61,72.43,981.54,NAO_DISPONIVEL
OP00079,ENERGIA,49.02,4.011,109.74,36.46,57.69,3,2,40,75.36,1001.41,NAO_DISPONIVEL
OP00080,AGUA,39.37,2.202,98.79,30.92,36.51,3,1,68,62.09,746.54,NAO_DISPONIVEL
OP00081,ENERGIA,51.36,3.351,85.35,51.59,42.92,1,1,99,67.71,1223.63,NAO_DISPONIVEL
OP00082,AGUA,50.55,3.42,158.23,45.24,100.0,4,1,63,46.75,1530.14,NAO_DISPONIVEL
OP00083,AGUA,38.61,2.812,127.39,58.59,60.73,4,1,127,79.01,1189.31,NAO_DISPONIVEL
OP00084,TELECOM,36.15,1.459,74.47,6.2,44.7,3,0,7,62.62,979.78,NAO_DISPONIVEL
OP00085,ENERGIA,53.18,3.146,137.73,88.34,55.75,0,0,75,57.44,858.07,NAO_DISPONIVEL
OP00086,AGUA,40.46,2.405,100.18,73.75,58.32,1,0,105,62.0,1167.34,NAO_DISPONIVEL
OP00087,ENERGIA,45.22,3.753,187.0,30.23,78.49,0,1,136,71.63,1367.33,NAO_DISPONIVEL
OP00088,TELECOM,40.5,3.42,98.38,81.7,68.46,5,0,57,36.65,1346.87,NAO_DISPONIVEL
OP00089,SAUDE,38.72,2.281,137.68,72.55,62.44,3,0,88,71.74,1399.62,NAO_DISPONIVEL
OP00090,ENERGIA,55.52,4.735,172.64,75.11,95.21,5,0,120,81.62,1422.11,NAO_DISPONIVEL
OP00091,AGUA,44.6,3.893,142.98,45.66,81.67,5,0,58,61.33,1139.33,NAO_DISPONIVEL
OP00092,TELECOM,48.45,2.278,115.84,22.47,58.96,6,0,82,59.14,1082.69,NAO_DISPONIVEL
OP00093,TRANSITO,47.88,2.76,159.0,34.56,90.12,7,0,133,79.87,1414.3,NAO_DISPONIVEL
OP00094,TELECOM,38.02,2.646,64.67,43.18,24.05,0,0,91,50.72,565.64,NAO_DISPONIVEL
OP00095,SAUDE,36.6,2.293,64.04,82.11,33.24,1,0,19,46.24,940.44,NAO_DISPONIVEL
OP00096,SAUDE,34.96,2.521,142.34,56.69,78.12,4,1,20,65.93,1272.3,NAO_DISPONIVEL
OP00097,TRANSITO,52.2,3.085,179.72,18.49,69.37,1,0,134,53.83,1030.78,NAO_DISPONIVEL
OP00098,TELECOM,52.48,2.489,113.92,110.47,58.62,6,0,19,70.17,1405.1,NAO_DISPONIVEL
OP00099,SAUDE,21.98,2.277,95.41,21.72,49.87,4,0,3,100.0,989.48,NAO_DISPONIVEL
OP00100,TRANSITO,44.61,2.25,106.72,55.38,43.78,2,1,129,52.78,539.4,NAO_DISPONIVEL
OP00101,SAUDE,43.06,2.727,111.24,55.76,77.42,9,2,129,46.93,1160.46,NAO_DISPONIVEL
OP00102,TRANSITO,48.29,1.478,48.9,83.59,37.37,2,0,67,53.6,727.26,NAO_DISPONIVEL
OP00103,TELECOM,47.11,4.051,118.9,,70.73,4,1,68,78.19,1313.89,NAO_DISPONIVEL
OP00104,AGUA,38.95,8.8,102.35,,58.0,0,0,24,53.58,1023.33,NAO_DISPONIVEL
OP00105,TRANSITO,38.09,3.627,109.03,238.42,57.62,3,1,108,59.17,770.99,NAO_DISPONIVEL
OP00106,ENERGIA,46.58,3.097,213.23,7.96,80.79,3,0,130,57.81,1097.79,NAO_DISPONIVEL
OP00107,TELECOM,143.87,2.429,89.91,49.52,73.38,2,0,7,66.3,1415.45,NAO_DISPONIVEL
OP00108,SAUDE,45.97,3.595,149.19,130.83,72.74,1,0,110,53.62,1131.87,NAO_DISPONIVEL
OP00109,ENERGIA,48.13,3.177,125.17,14.17,71.07,4,1,113,39.73,1198.88,NAO_DISPONIVEL
OP00110,TRANSITO,53.02,1.001,111.54,62.45,59.14,1,1,91,97.89,860.01,NAO_DISPONIVEL
OP00111,TRANSITO,46.05,2.759,135.58,73.91,71.38,3,1,35,44.12,1198.65,NAO_DISPONIVEL
OP00112,TRANSITO,45.38,2.764,133.86,19.0,65.55,3,0,129,66.08,1295.69,NAO_DISPONIVEL
OP00113,AGUA,40.33,2.921,69.81,73.63,56.05,3,0,21,56.56,1269.17,NAO_DISPONIVEL
OP00114,TELECOM,36.95,0.317,77.59,49.87,27.46,2,0,101,93.06,586.54,NAO_DISPONIVEL
OP00115,TRANSITO,46.65,2.035,76.78,70.34,30.28,0,1,86,57.43,670.45,NAO_DISPONIVEL
OP00116,TELECOM,50.6,7.758,123.85,26.63,78.44,4,0,66,49.48,1415.5,NAO_DISPONIVEL
OP00117,TELECOM,48.65,3.447,124.54,53.81,71.09,2,1,123,82.78,1285.89,NAO_DISPONIVEL
OP00118,AGUA,46.79,3.867,118.85,45.89,69.22,5,0,57,63.09,1199.48,NAO_DISPONIVEL
OP00119,TELECOM,39.07,1.872,98.79,19.7,52.39,3,1,64,79.84,1028.85,NAO_DISPONIVEL
OP00120,TRANSITO,33.09,2.366,116.84,50.74,58.5,1,3,7,62.33,1029.5,NAO_DISPONIVEL
OP00121,TELECOM,44.37,2.684,82.44,133.19,32.61,5,1,114,79.64,1033.0,NAO_DISPONIVEL
OP00122,TELECOM,50.92,2.624,117.2,23.48,70.92,2,1,10,57.24,1179.36,NAO_DISPONIVEL
OP00123,AGUA,45.7,3.583,103.79,62.4,57.1,2,1,13,93.32,701.07,NAO_DISPONIVEL
OP00124,TRANSITO,44.74,3.606,134.12,66.23,80.63,4,0,59,67.15,1617.54,NAO_DISPONIVEL
OP00125,TELECOM,42.46,0.82,98.49,45.43,59.02,6,1,27,56.14,836.74,NAO_DISPONIVEL
OP00126,SAUDE,41.43,1.892,136.57,80.88,77.97,3,0,55,45.34,1277.82,NAO_DISPONIVEL
OP00127,AGUA,43.14,1.845,121.01,82.97,62.82,4,0,84,59.27,971.93,NAO_DISPONIVEL
OP00128,ENERGIA,57.35,1.694,70.48,59.64,35.95,3,0,42,26.03,534.63,NAO_DISPONIVEL
OP00129,SAUDE,41.37,2.035,115.13,47.18,60.52,1,0,76,61.4,678.77,NAO_DISPONIVEL
OP00130,SAUDE,38.89,1.417,117.2,43.98,58.88,2,0,90,93.19,1183.33,NAO_DISPONIVEL
OP00131,SAUDE,44.83,2.033,105.09,46.82,60.72,1,0,105,61.58,1357.9,NAO_DISPONIVEL
OP00132,ENERGIA,55.56,4.394,149.75,12.62,96.39,2,0,20,53.2,1658.65,NAO_DISPONIVEL
OP00133,TRANSITO,48.44,2.55,135.2,116.25,69.29,4,0,88,73.71,939.18,NAO_DISPONIVEL
OP00134,TRANSITO,48.03,2.6,137.84,28.26,66.35,4,1,110,73.6,1229.56,NAO_DISPONIVEL
OP00135,ENERGIA,52.59,2.948,108.13,118.33,58.02,5,0,78,57.43,1590.06,NAO_DISPONIVEL
OP00136,TRANSITO,41.5,2.057,130.39,64.49,63.8,3,1,131,73.98,1392.92,NAO_DISPONIVEL
OP00137,ENERGIA,44.55,3.995,106.43,89.23,65.57,4,0,50,68.07,1162.11,NAO_DISPONIVEL
OP00138,TELECOM,49.59,1.987,124.26,52.05,51.63,2,1,117,62.58,1146.16,NAO_DISPONIVEL
OP00139,TELECOM,46.3,2.495,136.67,40.83,62.23,6,0,143,85.17,1226.74,NAO_DISPONIVEL
OP00140,TELECOM,46.68,2.76,185.07,,83.0,6,0,132,70.81,1352.13,NAO_DISPONIVEL
OP00141,SAUDE,94.75,,76.87,27.89,48.03,3,1,25,75.14,905.18,NAO_DISPONIVEL
OP00142,TRANSITO,46.44,1.951,111.09,22.78,58.91,4,0,118,61.04,845.43,NAO_DISPONIVEL
OP00143,TRANSITO,41.03,2.753,141.17,24.56,53.28,1,1,144,50.06,1049.28,NAO_DISPONIVEL
OP00144,TELECOM,49.65,2.748,125.93,75.19,69.54,8,0,75,86.96,1097.88,NAO_DISPONIVEL
OP00145,AGUA,33.28,,124.68,48.04,65.78,2,1,28,65.86,671.43,NAO_DISPONIVEL
OP00146,ENERGIA,42.57,3.402,155.83,51.73,98.4,4,1,27,83.97,1352.31,NAO_DISPONIVEL
OP00147,SAUDE,34.08,3.48,115.46,61.87,50.09,1,0,123,86.79,1298.13,NAO_DISPONIVEL
OP00148,ENERGIA,48.28,2.957,136.82,70.23,79.57,3,1,28,68.87,977.45,NAO_DISPONIVEL
OP00149,TELECOM,39.97,2.827,108.25,38.49,75.59,3,2,21,41.07,1563.8,NAO_DISPONIVEL
OP00150,ENERGIA,,2.979,164.26,26.28,74.73,4,0,35,68.6,1568.71,NAO_DISPONIVEL
OP00151,TELECOM,56.19,2.234,147.4,40.11,72.87,3,0,109,42.4,1185.55,NAO_DISPONIVEL
OP00152,TRANSITO,46.82,2.547,96.72,36.51,55.19,2,0,19,92.48,951.93,NAO_DISPONIVEL
OP00153,TRANSITO,45.3,2.261,93.0,11.2,46.78,4,0,61,72.12,438.17,NAO_DISPONIVEL
OP00154,TRANSITO,,3.095,116.85,54.98,59.16,2,0,106,55.15,819.54,NAO_DISPONIVEL
OP00155,TELECOM,47.22,2.589,139.65,34.8,71.19,2,3,76,59.78,1197.72,NAO_DISPONIVEL
OP00156,TELECOM,35.52,2.102,127.43,87.21,69.35,2,1,139,58.61,774.13,NAO_DISPONIVEL
OP00157,ENERGIA,52.54,1.307,110.37,59.73,66.59,4,0,30,83.64,912.93,NAO_DISPONIVEL
OP00158,AGUA,34.38,2.312,78.95,20.63,41.48,0,0,14,67.89,639.23,NAO_DISPONIVEL
OP00159,TELECOM,52.69,2.563,102.3,61.19,70.92,3,1,36,57.76,1203.67,NAO_DISPONIVEL
OP00160,TRANSITO,,1.615,117.3,47.04,68.36,5,1,23,53.51,1666.56,NAO_DISPONIVEL
OP00161,ENERGIA,47.34,3.11,130.45,100.62,89.75,6,0,52,58.85,1763.95,NAO_DISPONIVEL
OP00162,TELECOM,45.45,2.685,113.44,,82.66,3,0,54,67.18,1043.37,NAO_DISPONIVEL
OP00163,TELECOM,47.89,,133.75,48.67,74.28,3,0,30,45.04,1066.73,NAO_DISPONIVEL
OP00164,AGUA,33.12,0.916,39.62,85.71,30.62,3,0,46,66.4,400.63,NAO_DISPONIVEL
OP00165,TRANSITO,55.14,2.787,134.53,12.41,82.54,2,0,79,61.36,1135.27,NAO_DISPONIVEL
OP00166,TELECOM,41.63,2.985,134.96,10.89,67.51,2,1,24,61.54,1128.93,NAO_DISPONIVEL
OP00167,TRANSITO,50.1,2.492,117.05,102.28,58.81,0,1,139,65.54,1145.83,NAO_DISPONIVEL
OP00168,TRANSITO,41.59,1.358,72.67,16.38,27.59,0,2,102,61.41,847.8,NAO_DISPONIVEL
OP00169,ENERGIA,49.52,3.407,140.51,87.83,80.37,3,0,49,38.09,1423.17,NAO_DISPONIVEL
OP00170,ENERGIA,47.7,2.94,94.72,86.55,58.88,3,1,7,67.5,1123.17,NAO_DISPONIVEL
OP00171,TELECOM,50.53,3.987,158.55,,85.99,5,2,107,50.59,1101.84,NAO_DISPONIVEL
OP00172,AGUA,48.46,3.113,96.49,32.06,72.51,6,1,13,59.14,991.22,NAO_DISPONIVEL
OP00173,TELECOM,50.72,,124.98,18.17,56.5,1,0,116,66.81,822.23,NAO_DISPONIVEL
OP00174,TELECOM,42.24,1.206,115.61,87.32,40.67,1,0,83,76.6,891.76,NAO_DISPONIVEL
OP00175,TRANSITO,52.66,3.972,192.02,95.72,96.04,1,1,103,69.95,1494.91,NAO_DISPONIVEL
OP00176,AGUA,37.25,1.761,124.43,108.68,38.19,3,1,115,53.04,923.28,NAO_DISPONIVEL
OP00177,TRANSITO,55.58,3.34,108.61,130.14,65.22,3,0,104,56.89,1537.13,NAO_DISPONIVEL
OP00178,AGUA,124.21,2.174,151.34,23.15,67.98,0,0,110,47.93,1185.77,NAO_DISPONIVEL
OP00179,ENERGIA,49.72,2.655,162.53,78.37,67.54,2,1,118,79.09,1133.59,NAO_DISPONIVEL
OP00180,ENERGIA,43.19,3.039,115.61,21.36,50.69,5,2,139,100.0,1173.44,NAO_DISPONIVEL
OP00181,TRANSITO,46.54,1.61,67.56,61.88,43.42,3,1,27,61.21,675.93,NAO_DISPONIVEL
OP00182,TRANSITO,54.3,,126.6,18.64,77.69,3,1,33,90.11,1218.35,NAO_DISPONIVEL
OP00183,AGUA,37.89,2.733,112.54,21.63,45.78,3,1,114,46.46,935.77,NAO_DISPONIVEL
OP00184,TRANSITO,42.24,4.307,156.29,27.09,82.31,4,1,32,44.97,1219.4,NAO_DISPONIVEL
OP00185,TELECOM,41.4,2.284,61.44,74.7,26.65,3,0,57,73.48,585.59,NAO_DISPONIVEL
OP00186,SAUDE,54.16,1.049,74.63,22.85,29.31,3,0,71,65.08,1251.84,NAO_DISPONIVEL
OP00187,TELECOM,53.29,3.864,157.15,5.51,87.59,4,0,30,43.35,1213.98,NAO_DISPONIVEL
OP00188,TELECOM,48.7,3.179,90.96,86.78,61.03,3,1,9,41.69,1027.0,NAO_DISPONIVEL
OP00189,SAUDE,38.8,2.41,110.5,177.25,74.78,4,1,30,64.55,1201.28,NAO_DISPONIVEL
OP00190,TELECOM,43.85,2.874,107.73,40.41,45.84,3,0,76,42.65,489.19,NAO_DISPONIVEL
OP00191,TRANSITO,44.8,0.641,138.51,8.21,58.99,1,0,95,82.35,962.38,NAO_DISPONIVEL
OP00192,TELECOM,53.72,1.684,125.28,14.98,72.0,8,0,95,54.48,1078.96,NAO_DISPONIVEL
OP00193,TRANSITO,44.35,2.923,132.4,61.25,52.4,1,1,126,34.25,656.12,NAO_DISPONIVEL
OP00194,TRANSITO,46.8,3.848,183.02,9.46,83.79,1,0,95,93.68,1572.8,NAO_DISPONIVEL
OP00195,TRANSITO,43.54,1.342,73.01,68.24,52.64,2,0,92,48.92,1155.1,NAO_DISPONIVEL
OP00196,TELECOM,54.05,1.887,91.42,46.41,70.76,3,0,51,64.09,836.74,NAO_DISPONIVEL
OP00197,TRANSITO,52.16,3.309,116.57,63.67,59.75,4,2,79,51.73,959.92,NAO_DISPONIVEL
OP00198,ENERGIA,47.12,3.756,66.24,36.35,47.01,1,0,6,88.86,693.64,NAO_DISPONIVEL
OP00199,ENERGIA,58.16,3.913,144.61,42.53,73.61,2,1,132,62.16,874.18,NAO_DISPONIVEL
OP00200,TRANSITO,40.59,2.294,114.61,45.58,29.74,4,0,70,58.3,812.99,NAO_DISPONIVEL
OP00201,TRANSITO,49.23,3.449,166.82,46.96,73.91,5,0,114,67.68,1326.11,NAO_DISPONIVEL
OP00202,TELECOM,49.75,1.945,123.08,10.71,78.91,2,0,42,83.45,1687.01,NAO_DISPONIVEL
OP00203,TELECOM,51.11,3.546,108.21,17.31,54.73,2,0,49,85.66,588.27,NAO_DISPONIVEL
OP00204,SAUDE,43.05,1.471,115.18,82.78,68.26,0,1,14,53.4,1062.22,NAO_DISPONIVEL
OP00205,TRANSITO,58.88,3.311,162.19,117.83,100.0,4,1,76,45.24,1791.85,NAO_DISPONIVEL
OP00206,TELECOM,48.47,4.663,194.94,103.82,100.0,3,0,88,76.66,1411.74,NAO_DISPONIVEL
OP00207,SAUDE,35.41,3.603,91.3,30.15,45.46,1,0,84,64.55,1190.32,NAO_DISPONIVEL
OP00208,AGUA,45.76,2.442,160.74,154.87,80.71,3,1,105,41.66,1251.41,NAO_DISPONIVEL
OP00209,ENERGIA,56.13,11.06,175.74,21.93,96.55,6,0,48,45.81,1023.08,NAO_DISPONIVEL
OP00210,ENERGIA,46.86,3.751,66.59,76.59,20.99,1,1,12,72.24,994.41,NAO_DISPONIVEL
OP00211,ENERGIA,61.91,2.993,150.95,36.72,79.2,1,0,36,74.67,1065.51,NAO_DISPONIVEL
OP00212,AGUA,43.88,3.527,138.34,15.88,61.09,3,1,52,60.37,708.31,NAO_DISPONIVEL
OP00213,SAUDE,,,173.59,14.38,87.12,5,0,59,54.62,1421.29,NAO_DISPONIVEL
OP00214,TELECOM,45.31,3.686,69.06,22.63,40.42,1,0,102,79.0,779.35,NAO_DISPONIVEL
OP00215,TELECOM,39.89,1.21,104.99,44.81,50.19,2,0,78,64.52,918.36,NAO_DISPONIVEL
OP00216,AGUA,34.89,3.413,102.54,101.11,58.93,2,0,72,49.83,1396.89,NAO_DISPONIVEL
OP00217,TELECOM,41.4,1.178,123.35,,53.66,4,0,85,57.9,1360.8,NAO_DISPONIVEL
OP00218,ENERGIA,46.54,2.898,158.93,36.12,74.75,3,0,104,30.12,1172.53,NAO_DISPONIVEL
OP00219,TRANSITO,43.56,3.214,138.45,34.2,100.0,12,2,117,42.09,1340.79,NAO_DISPONIVEL
OP00220,ENERGIA,40.55,2.57,154.44,92.45,79.54,2,0,38,73.29,1364.31,NAO_DISPONIVEL
OP00221,TRANSITO,,2.024,106.96,39.42,57.36,3,0,65,68.57,1217.61,NAO_DISPONIVEL
OP00222,TELECOM,42.2,2.189,104.74,36.05,77.4,4,2,56,55.46,840.03,NAO_DISPONIVEL
OP00223,TRANSITO,36.42,3.326,157.72,32.93,68.69,4,0,137,82.03,995.44,NAO_DISPONIVEL
OP00224,TELECOM,53.88,2.096,128.72,28.92,89.63,0,1,10,63.71,1432.05,NAO_DISPONIVEL
OP00225,SAUDE,34.35,1.58,95.32,26.81,44.91,2,0,64,53.8,980.13,NAO_DISPONIVEL
OP00226,TRANSITO,44.2,1.609,147.59,36.52,62.06,4,0,68,65.1,821.08,NAO_DISPONIVEL
OP00227,TELECOM,39.78,2.494,84.12,,36.75,2,1,131,57.32,925.2,NAO_DISPONIVEL
OP00228,TELECOM,47.92,2.452,119.45,48.76,54.37,1,1,92,62.59,1678.26,NAO_DISPONIVEL
OP00229,ENERGIA,35.79,2.298,89.68,43.33,45.08,1,1,42,98.96,613.94,NAO_DISPONIVEL
OP00230,ENERGIA,43.59,4.01,108.94,56.03,58.2,3,0,76,83.85,1051.96,NAO_DISPONIVEL
OP00231,TELECOM,37.47,,109.64,89.56,56.05,3,0,5,78.1,1104.2,NAO_DISPONIVEL
OP00232,ENERGIA,52.24,2.67,149.01,23.98,70.12,3,0,104,83.23,928.74,NAO_DISPONIVEL
OP00233,AGUA,46.34,2.498,87.13,56.97,57.97,3,1,94,75.65,702.69,NAO_DISPONIVEL
OP00234,AGUA,41.51,2.844,105.92,48.39,66.18,2,0,83,46.5,1461.26,NAO_DISPONIVEL
OP00235,TRANSITO,,,143.64,88.41,100.0,6,0,35,45.31,1852.21,NAO_DISPONIVEL
OP00236,TRANSITO,49.35,1.844,143.11,41.35,61.16,5,2,40,84.66,1171.02,NAO_DISPONIVEL
OP00237,SAUDE,43.66,,104.26,109.27,66.57,1,0,53,64.34,1036.29,NAO_DISPONIVEL
OP00238,TELECOM,46.54,2.349,110.71,8.21,55.42,5,1,142,56.63,1238.1,NAO_DISPONIVEL
OP00239,ENERGIA,56.55,4.118,73.06,65.54,52.0,2,1,57,48.33,1211.55,NAO_DISPONIVEL
OP00240,TELECOM,43.73,2.612,92.52,64.26,43.73,1,1,62,28.76,795.69,NAO_DISPONIVEL
OP00241,TELECOM,50.02,3.462,139.37,25.09,83.53,1,0,25,60.37,1203.18,NAO_DISPONIVEL
OP00242,TELECOM,43.4,1.403,69.21,70.11,43.62,4,0,38,73.1,1022.66,NAO_DISPONIVEL
OP00243,TRANSITO,146.09,2.815,121.63,13.16,72.62,2,0,94,69.05,823.49,NAO_DISPONIVEL
OP00244,TRANSITO,54.65,3.44,171.28,35.82,92.05,9,0,99,81.8,1082.69,NAO_DISPONIVEL
OP00245,TELECOM,40.07,4.139,96.97,55.07,54.92,1,0,11,55.58,1497.67,NAO_DISPONIVEL
OP00246,ENERGIA,48.37,3.744,115.58,87.81,42.28,0,0,121,54.57,863.4,NAO_DISPONIVEL
OP00247,ENERGIA,,3.045,151.94,24.48,85.96,1,1,10,61.5,1654.06,NAO_DISPONIVEL
OP00248,TELECOM,52.83,1.958,52.54,78.14,40.22,0,2,20,31.92,639.55,NAO_DISPONIVEL
OP00249,TELECOM,48.65,3.955,89.29,26.37,42.88,7,1,6,78.75,955.65,NAO_DISPONIVEL
OP00250,ENERGIA,56.94,3.561,177.79,43.43,83.3,2,0,84,80.65,1433.66,NAO_DISPONIVEL
OP00251,TELECOM,46.8,,140.82,104.37,67.93,1,1,60,79.45,870.84,NAO_DISPONIVEL
OP00252,TRANSITO,,3.047,175.29,21.11,85.12,3,0,61,48.99,1334.43,NAO_DISPONIVEL
OP00253,SAUDE,,1.623,108.27,43.44,74.98,1,1,82,50.03,927.92,NAO_DISPONIVEL
OP00254,SAUDE,34.64,1.92,145.65,39.77,72.86,1,0,65,69.65,1143.91,NAO_DISPONIVEL
OP00255,TELECOM,45.37,2.116,105.37,,50.17,2,0,49,53.4,923.4,NAO_DISPONIVEL
OP00256,TRANSITO,54.89,9.914,140.64,11.91,80.24,4,1,124,64.17,1162.54,NAO_DISPONIVEL
OP00257,AGUA,33.46,,130.33,75.2,59.9,2,1,144,49.48,1175.24,NAO_DISPONIVEL
OP00258,AGUA,46.52,3.325,120.48,120.85,48.85,3,1,130,51.28,1105.14,NAO_DISPONIVEL
OP00259,TRANSITO,45.58,3.198,149.54,129.57,54.51,2,1,125,94.39,980.27,NAO_DISPONIVEL
OP00260,AGUA,46.93,1.217,123.68,93.0,63.11,3,0,8,22.76,724.3,NAO_DISPONIVEL
OP00261,ENERGIA,43.48,3.151,112.62,108.03,78.86,4,1,95,69.78,920.56,NAO_DISPONIVEL
OP00262,TRANSITO,47.5,,131.53,54.66,63.89,3,0,93,75.21,1023.01,NAO_DISPONIVEL
OP00263,TELECOM,48.12,4.11,85.9,27.28,49.02,0,0,100,29.91,902.16,NAO_DISPONIVEL
OP00264,ENERGIA,54.14,4.626,153.11,49.87,61.59,3,0,96,45.91,1059.88,NAO_DISPONIVEL
OP00265,TRANSITO,52.14,2.433,141.44,81.35,78.39,3,1,40,93.07,1283.46,NAO_DISPONIVEL
OP00266,AGUA,42.87,2.736,111.89,51.82,59.89,2,1,52,36.89,1142.56,NAO_DISPONIVEL
OP00267,TRANSITO,50.74,2.563,160.21,112.4,72.59,1,1,74,61.55,1192.75,NAO_DISPONIVEL
OP00268,TRANSITO,45.42,3.168,119.92,71.34,73.98,1,0,23,66.51,919.01,NAO_DISPONIVEL
OP00269,TRANSITO,53.22,1.829,127.33,20.76,68.9,5,0,48,85.37,1289.94,NAO_DISPONIVEL
OP00270,SAUDE,30.53,,105.89,23.69,53.94,3,0,40,68.98,1077.83,NAO_DISPONIVEL
OP00271,TRANSITO,,2.743,134.19,61.76,63.18,4,0,144,82.05,993.99,NAO_DISPONIVEL
OP00272,TRANSITO,,2.295,81.98,49.16,55.27,4,2,49,35.78,1168.04,NAO_DISPONIVEL
OP00273,AGUA,52.08,1.488,98.67,26.13,40.53,1,0,68,66.44,1458.39,NAO_DISPONIVEL
OP00274,TRANSITO,55.97,1.655,163.86,23.1,83.28,2,0,118,73.99,1317.79,NAO_DISPONIVEL
OP00275,ENERGIA,41.84,3.715,160.34,31.04,76.91,2,0,56,62.91,1287.09,NAO_DISPONIVEL
OP00276,SAUDE,36.76,0.891,101.51,122.6,46.9,2,0,20,79.56,657.35,NAO_DISPONIVEL
OP00277,TRANSITO,43.79,2.564,84.03,60.99,29.3,0,0,28,46.76,578.62,NAO_DISPONIVEL
OP00278,ENERGIA,44.27,5.376,159.92,72.61,64.87,0,0,124,66.22,1137.07,NAO_DISPONIVEL
OP00279,TRANSITO,57.18,2.381,133.56,8.46,86.34,3,0,55,73.66,1092.39,NAO_DISPONIVEL
OP00280,TELECOM,50.42,5.99,112.73,38.24,57.32,5,1,79,28.82,800.59,NAO_DISPONIVEL
OP00281,ENERGIA,50.89,4.169,76.63,,52.2,2,2,17,33.35,825.31,NAO_DISPONIVEL
OP00282,TRANSITO,57.36,3.548,110.95,83.32,68.78,4,0,36,91.92,1505.06,NAO_DISPONIVEL
OP00283,TRANSITO,43.87,1.822,87.16,8.68,50.86,1,0,11,45.33,1122.95,NAO_DISPONIVEL
OP00284,TRANSITO,43.79,2.975,96.15,22.57,55.88,2,0,115,46.09,982.85,NAO_DISPONIVEL
OP00285,TELECOM,41.73,2.717,126.71,5.65,43.55,3,1,128,63.2,1056.28,NAO_DISPONIVEL
OP00286,SAUDE,38.7,2.107,172.22,77.76,71.89,2,0,103,73.94,1624.12,NAO_DISPONIVEL
OP00287,ENERGIA,40.73,4.204,138.11,94.93,78.36,5,0,74,57.59,1473.55,NAO_DISPONIVEL
OP00288,ENERGIA,46.46,3.976,87.83,22.79,53.52,2,2,82,53.08,865.9,NAO_DISPONIVEL
OP00289,SAUDE,34.1,2.75,80.93,75.07,49.52,2,2,129,66.54,896.89,NAO_DISPONIVEL
OP00290,TRANSITO,44.34,2.525,158.54,,71.75,1,0,55,40.36,775.87,NAO_DISPONIVEL
OP00291,SAUDE,39.56,2.775,85.05,211.24,44.47,2,0,59,67.41,437.22,NAO_DISPONIVEL
OP00292,TELECOM,184.59,2.589,97.85,37.34,43.55,4,0,133,90.1,710.98,NAO_DISPONIVEL
OP00293,AGUA,37.26,3.398,92.94,97.78,39.79,3,2,117,78.91,828.41,NAO_DISPONIVEL
OP00294,ENERGIA,47.54,2.905,123.88,45.2,65.67,1,0,48,75.82,1423.01,NAO_DISPONIVEL
OP00295,AGUA,51.9,1.593,91.76,24.78,58.11,5,1,8,41.66,1030.68,NAO_DISPONIVEL
OP00296,TRANSITO,31.18,2.57,148.13,83.72,64.19,5,0,81,65.34,1339.61,NAO_DISPONIVEL
OP00297,ENERGIA,50.27,3.271,60.74,23.11,50.29,3,1,62,49.6,875.57,NAO_DISPONIVEL
OP00298,TELECOM,43.89,3.04,143.94,79.39,66.12,1,0,81,68.0,835.22,NAO_DISPONIVEL
OP00299,TELECOM,40.27,1.408,84.3,21.19,43.79,5,0,57,65.05,759.4,NAO_DISPONIVEL
OP00300,SAUDE,46.81,0.692,134.51,48.26,53.31,3,0,118,71.08,1146.34,NAO_DISPONIVEL
OP00301,TELECOM,42.03,2.279,171.74,60.65,76.06,2,0,96,72.1,1401.31,NAO_DISPONIVEL
OP00302,TRANSITO,46.24,1.942,175.23,56.91,70.4,4,2,125,46.53,1080.22,NAO_DISPONIVEL
OP00303,TRANSITO,43.34,2.145,97.53,75.06,48.26,2,0,126,53.37,524.19,NAO_DISPONIVEL
OP00304,AGUA,45.37,3.05,149.15,69.93,66.74,1,1,127,76.32,1227.01,NAO_DISPONIVEL
OP00305,AGUA,49.72,3.42,100.0,32.75,86.89,3,0,21,79.55,1496.49,NAO_DISPONIVEL
OP00306,AGUA,43.83,3.315,138.92,39.45,97.24,1,1,16,83.0,1382.81,NAO_DISPONIVEL
OP00307,SAUDE,40.86,4.145,144.95,109.15,80.48,3,2,104,85.35,1053.62,NAO_DISPONIVEL
OP00308,ENERGIA,44.23,2.765,105.53,44.66,56.48,3,1,63,15.97,674.0,NAO_DISPONIVEL
OP00309,TELECOM,54.79,2.558,158.42,30.96,94.44,5,1,15,58.15,1282.93,NAO_DISPONIVEL
OP00310,TELECOM,36.74,2.166,88.13,24.57,50.25,2,0,64,48.43,1007.07,NAO_DISPONIVEL
OP00311,TRANSITO,32.14,2.194,102.2,187.42,53.36,4,1,8,59.92,1269.11,NAO_DISPONIVEL
OP00312,ENERGIA,54.99,3.715,175.52,35.41,93.23,2,1,72,61.34,1064.53,NAO_DISPONIVEL
OP00313,TELECOM,57.47,2.233,116.26,7.96,46.23,1,0,110,77.25,831.92,NAO_DISPONIVEL
OP00314,TRANSITO,39.93,2.058,115.5,113.0,61.58,3,0,66,78.17,912.33,NAO_DISPONIVEL
OP00315,ENERGIA,46.98,2.998,104.85,27.64,84.99,5,0,20,89.94,1455.61,NAO_DISPONIVEL
OP00316,TELECOM,47.93,2.624,167.89,46.09,71.87,7,0,139,56.15,1330.44,NAO_DISPONIVEL
OP00317,TRANSITO,48.28,1.749,139.33,11.37,76.97,2,0,77,46.11,1243.29,NAO_DISPONIVEL
OP00318,TRANSITO,30.17,,93.2,123.5,37.62,2,1,107,66.14,641.9,NAO_DISPONIVEL
OP00319,AGUA,29.02,3.927,119.74,32.56,57.66,0,1,134,75.12,762.84,NAO_DISPONIVEL
OP00320,TELECOM,47.13,2.684,85.5,18.75,67.57,1,0,73,79.88,1203.57,NAO_DISPONIVEL
OP00321,TELECOM,50.87,2.059,61.07,49.72,43.66,4,1,56,58.91,664.62,NAO_DISPONIVEL
OP00322,AGUA,42.77,8.706,190.49,99.88,91.55,0,1,124,66.95,1271.72,NAO_DISPONIVEL
OP00323,ENERGIA,48.76,1.956,109.43,67.42,63.06,7,0,130,65.47,1235.7,NAO_DISPONIVEL
OP00324,TRANSITO,48.58,2.722,72.36,27.58,52.48,1,0,47,52.72,1111.96,NAO_DISPONIVEL
OP00325,TRANSITO,,2.237,159.86,76.03,73.08,2,1,98,63.14,1277.73,NAO_DISPONIVEL
OP00326,ENERGIA,60.55,2.863,168.03,47.86,80.35,5,0,110,66.27,1135.12,NAO_DISPONIVEL
OP00327,ENERGIA,55.42,7.991,112.74,27.42,76.44,4,2,33,66.35,1230.04,NAO_DISPONIVEL
OP00328,AGUA,40.05,3.589,156.63,53.79,99.54,0,0,111,70.64,1353.01,NAO_DISPONIVEL
OP00329,SAUDE,52.27,3.957,91.45,33.22,74.89,2,0,43,67.22,784.99,NAO_DISPONIVEL
OP00330,SAUDE,43.84,3.081,150.44,42.02,61.15,3,1,47,80.16,1238.55,NAO_DISPONIVEL
OP00331,TRANSITO,53.28,2.318,134.55,23.98,68.14,2,0,17,67.39,1599.25,NAO_DISPONIVEL
OP00332,ENERGIA,53.34,,113.84,46.11,62.05,2,0,60,88.01,1400.23,NAO_DISPONIVEL
OP00333,TRANSITO,56.69,,143.7,28.56,91.77,2,0,86,55.03,833.64,NAO_DISPONIVEL
OP00334,ENERGIA,44.49,3.211,112.69,79.36,59.31,4,0,33,68.26,1047.16,NAO_DISPONIVEL
OP00335,SAUDE,48.61,2.432,130.83,20.0,81.88,3,1,77,68.29,1490.66,NAO_DISPONIVEL
OP00336,ENERGIA,52.87,4.195,146.98,14.67,69.44,6,1,72,44.97,1329.41,NAO_DISPONIVEL
OP00337,SAUDE,38.76,1.937,157.2,19.36,69.93,5,0,123,47.27,1175.33,NAO_DISPONIVEL
OP00338,ENERGIA,59.77,2.663,137.99,69.82,68.47,5,1,123,77.2,1239.65,NAO_DISPONIVEL
OP00339,ENERGIA,59.23,4.237,182.35,12.77,82.08,2,1,128,63.91,1097.8,NAO_DISPONIVEL
OP00340,SAUDE,35.16,2.78,88.82,19.45,59.19,2,0,47,67.61,1459.76,NAO_DISPONIVEL
OP00341,ENERGIA,50.75,3.567,80.78,,48.75,3,0,76,76.16,1452.56,NAO_DISPONIVEL
OP00342,TRANSITO,53.84,2.974,133.11,29.63,89.81,4,0,45,73.72,1145.91,NAO_DISPONIVEL
OP00343,TRANSITO,47.34,1.982,125.88,10.86,58.67,3,1,24,68.88,1221.33,NAO_DISPONIVEL
OP00344,AGUA,29.32,2.367,81.15,99.8,38.37,2,3,134,48.87,1195.44,NAO_DISPONIVEL
OP00345,TELECOM,52.98,1.759,128.2,62.03,46.11,2,0,85,75.37,935.84,NAO_DISPONIVEL
OP00346,TRANSITO,49.6,3.997,152.71,15.64,86.33,5,0,21,47.75,1550.47,NAO_DISPONIVEL
OP00347,SAUDE,39.19,1.496,160.15,53.91,69.95,2,1,101,72.47,1130.81,NAO_DISPONIVEL
OP00348,SAUDE,51.61,2.28,189.95,59.85,81.57,0,0,137,60.94,1810.19,NAO_DISPONIVEL
OP00349,ENERGIA,57.81,7.258,122.95,69.91,81.39,6,0,83,80.57,1293.49,NAO_DISPONIVEL
OP00350,TRANSITO,42.93,3.285,159.32,78.62,65.33,0,1,95,53.93,1411.94,NAO_DISPONIVEL
OP00351,TELECOM,42.64,3.499,125.81,117.26,57.23,1,0,115,73.78,1109.62,NAO_DISPONIVEL
OP00352,AGUA,,3.947,103.36,34.96,61.9,2,0,9,59.99,1094.61,NAO_DISPONIVEL
OP00353,ENERGIA,51.5,5.293,148.53,27.31,90.19,3,0,36,51.44,1597.38,NAO_DISPONIVEL
OP00354,TRANSITO,43.28,2.177,142.93,48.47,75.78,3,1,90,73.08,1162.88,NAO_DISPONIVEL
OP00355,ENERGIA,45.87,2.986,83.1,25.75,38.75,1,1,25,33.63,902.1,NAO_DISPONIVEL
OP00356,TRANSITO,36.36,1.768,76.48,51.8,44.11,4,0,20,62.32,870.94,NAO_DISPONIVEL
OP00357,TELECOM,52.04,1.651,79.82,14.41,32.62,0,0,100,64.48,1064.46,NAO_DISPONIVEL
OP00358,AGUA,41.91,4.553,186.38,21.28,90.18,2,1,115,65.29,1267.99,NAO_DISPONIVEL
OP00359,ENERGIA,,2.798,78.31,32.56,46.21,2,1,31,71.46,1083.94,NAO_DISPONIVEL
OP00360,TELECOM,40.68,,112.86,7.3,59.17,3,0,72,44.96,786.13,NAO_DISPONIVEL
OP00361,TELECOM,48.52,2.824,149.91,142.09,74.74,1,0,127,53.26,1472.4,NAO_DISPONIVEL
OP00362,AGUA,48.46,3.793,144.09,42.25,83.82,4,0,11,59.86,1280.65,NAO_DISPONIVEL
OP00363,ENERGIA,50.71,3.636,84.84,49.81,55.08,4,0,40,78.91,579.29,NAO_DISPONIVEL
OP00364,TRANSITO,46.84,2.038,125.86,49.58,58.81,2,2,109,65.45,1042.97,NAO_DISPONIVEL
OP00365,TELECOM,44.46,,128.95,,54.73,6,0,101,61.63,1100.75,NAO_DISPONIVEL
OP00366,TRANSITO,,3.1,139.56,8.29,70.82,2,2,21,49.9,1112.44,NAO_DISPONIVEL
OP00367,TELECOM,,,144.06,12.7,53.6,5,0,61,83.01,906.42,NAO_DISPONIVEL
OP00368,TELECOM,37.73,1.572,108.68,29.92,43.36,1,1,133,78.6,1246.68,NAO_DISPONIVEL
OP00369,TELECOM,53.74,1.358,140.82,20.3,77.89,1,1,122,78.46,1127.07,NAO_DISPONIVEL
OP00370,TRANSITO,49.07,3.833,91.32,44.91,41.74,2,0,100,61.75,805.6,NAO_DISPONIVEL
OP00371,TELECOM,49.95,2.471,202.51,35.43,85.83,3,0,89,70.26,1359.64,NAO_DISPONIVEL
OP00372,AGUA,44.22,2.121,116.45,60.65,70.68,1,1,103,54.45,1182.84,NAO_DISPONIVEL
OP00373,SAUDE,47.45,1.888,82.56,65.55,57.09,1,0,6,53.28,1212.45,NAO_DISPONIVEL
OP00374,ENERGIA,61.92,2.752,134.36,15.82,78.05,5,2,52,70.18,1087.39,NAO_DISPONIVEL
OP00375,TELECOM,,1.897,63.99,49.89,37.32,0,1,65,65.32,1042.23,NAO_DISPONIVEL
OP00376,AGUA,125.02,2.569,110.89,10.81,52.8,2,0,33,84.52,1032.42,NAO_DISPONIVEL
OP00377,SAUDE,40.74,2.205,91.61,67.23,44.2,4,1,11,44.04,818.05,NAO_DISPONIVEL
OP00378,ENERGIA,48.43,2.676,164.28,84.47,75.37,0,0,133,34.21,992.76,NAO_DISPONIVEL
OP00379,TRANSITO,58.4,3.12,154.04,47.24,85.89,1,1,13,58.24,706.43,NAO_DISPONIVEL
OP00380,TRANSITO,43.67,1.686,97.64,84.62,27.24,1,0,62,66.44,448.25,NAO_DISPONIVEL
OP00381,TRANSITO,39.93,3.398,96.88,28.26,44.61,0,1,93,48.2,930.66,NAO_DISPONIVEL
OP00382,TELECOM,50.26,2.632,146.28,54.22,62.56,7,0,117,60.26,926.46,NAO_DISPONIVEL
OP00383,SAUDE,38.74,1.49,101.81,16.85,50.35,2,0,115,64.95,1464.79,NAO_DISPONIVEL
OP00384,TRANSITO,42.65,1.909,129.89,34.65,68.36,8,0,55,52.1,1416.37,NAO_DISPONIVEL
OP00385,ENERGIA,46.2,2.999,45.18,128.04,18.97,1,0,74,74.48,767.34,NAO_DISPONIVEL
OP00386,SAUDE,42.0,2.707,145.57,19.27,81.72,1,3,129,46.93,1031.01,NAO_DISPONIVEL
OP00387,SAUDE,41.83,2.985,152.02,59.45,87.56,5,2,92,43.55,1585.83,NAO_DISPONIVEL
OP00388,ENERGIA,49.57,3.897,131.48,92.88,62.88,1,0,78,61.57,1143.43,NAO_DISPONIVEL
OP00389,AGUA,45.7,3.403,60.74,18.09,56.47,2,0,9,59.62,629.47,NAO_DISPONIVEL
OP00390,AGUA,47.36,4.255,136.25,129.55,71.02,2,0,144,53.87,1488.75,NAO_DISPONIVEL
OP00391,SAUDE,117.49,1.427,112.2,61.05,66.7,3,1,44,77.87,1363.55,NAO_DISPONIVEL
OP00392,SAUDE,,3.697,107.58,14.38,59.23,0,0,5,88.26,930.0,NAO_DISPONIVEL
OP00393,AGUA,32.74,4.039,151.12,12.86,77.66,5,0,98,70.3,1688.86,NAO_DISPONIVEL
OP00394,TRANSITO,,3.02,127.4,27.01,66.67,2,0,3,51.25,955.76,NAO_DISPONIVEL
OP00395,SAUDE,41.77,1.9,112.0,15.12,55.55,0,0,60,74.49,669.59,NAO_DISPONIVEL
OP00396,TRANSITO,44.88,2.409,119.12,78.34,63.51,1,1,75,53.28,1164.99,NAO_DISPONIVEL
OP00397,ENERGIA,39.92,2.514,19.69,53.22,39.24,4,1,13,73.16,547.54,NAO_DISPONIVEL
OP00398,ENERGIA,47.97,2.662,78.48,24.79,18.92,3,4,96,36.03,190.61,NAO_DISPONIVEL
OP00399,ENERGIA,38.68,1.287,43.83,48.84,13.77,1,0,110,69.61,737.18,NAO_DISPONIVEL
OP00400,TRANSITO,47.52,2.747,156.18,41.88,76.09,4,0,57,58.58,857.57,NAO_DISPONIVEL
OP00401,TRANSITO,51.33,3.41,175.11,81.57,74.83,2,1,131,44.47,1215.67,NAO_DISPONIVEL
OP00402,ENERGIA,135.89,3.229,89.1,23.25,22.9,2,0,92,65.87,691.54,NAO_DISPONIVEL
OP00403,TELECOM,43.39,3.152,109.73,50.92,60.96,3,0,141,47.76,1043.3,NAO_DISPONIVEL
OP00404,ENERGIA,55.34,3.242,117.77,26.58,63.34,0,0,111,68.39,878.79,NAO_DISPONIVEL
OP00405,SAUDE,41.9,3.115,138.69,99.93,59.02,2,0,48,50.51,891.86,NAO_DISPONIVEL
OP00406,AGUA,43.88,4.696,132.38,50.92,65.69,9,1,91,89.78,1403.25,NAO_DISPONIVEL
OP00407,TRANSITO,36.63,1.441,124.69,40.65,63.14,6,0,18,68.76,1192.12,NAO_DISPONIVEL
OP00408,TELECOM,52.04,2.396,132.23,163.73,58.04,1,0,129,61.74,1117.94,NAO_DISPONIVEL
OP00409,SAUDE,43.88,3.119,118.18,56.11,89.26,3,1,17,44.98,1256.22,NAO_DISPONIVEL
OP00410,TELECOM,45.96,1.768,111.57,41.75,55.74,2,0,107,24.06,1239.64,NAO_DISPONIVEL
OP00411,ENERGIA,49.54,2.973,118.31,25.05,71.68,7,1,120,77.53,1223.5,NAO_DISPONIVEL
OP00412,ENERGIA,36.35,2.819,63.89,43.94,35.26,3,0,8,61.26,670.47,NAO_DISPONIVEL
OP00413,TRANSITO,47.4,3.719,121.44,53.4,66.02,3,0,25,69.94,870.91,NAO_DISPONIVEL
OP00414,TRANSITO,39.98,3.876,141.89,127.82,72.66,5,1,22,59.19,1114.45,NAO_DISPONIVEL
OP00415,TELECOM,39.85,2.755,104.42,17.73,75.17,3,2,20,100.0,1605.62,NAO_DISPONIVEL
OP00416,TRANSITO,57.77,2.651,130.1,75.64,84.12,6,1,9,45.08,1242.33,NAO_DISPONIVEL
OP00417,AGUA,48.09,2.407,165.75,44.1,87.06,4,1,137,70.77,1646.41,NAO_DISPONIVEL
OP00418,SAUDE,40.73,2.903,101.2,20.76,58.54,2,0,24,35.56,1129.2,NAO_DISPONIVEL
OP00419,TRANSITO,54.82,,142.6,92.93,70.54,0,1,118,68.7,1134.64,NAO_DISPONIVEL
OP00420,TRANSITO,41.01,2.225,137.98,69.0,72.79,4,1,143,69.91,1212.24,NAO_DISPONIVEL
OP00421,ENERGIA,62.01,8.769,117.99,20.2,90.69,5,0,69,50.85,1504.14,NAO_DISPONIVEL
OP00422,AGUA,48.17,4.34,149.59,31.83,80.64,3,0,136,62.73,1180.75,NAO_DISPONIVEL
OP00423,TRANSITO,,4.797,114.4,30.84,59.36,3,0,46,43.11,668.27,NAO_DISPONIVEL
OP00424,TELECOM,52.49,1.966,106.5,88.73,52.42,2,0,97,60.93,950.04,NAO_DISPONIVEL
OP00425,TRANSITO,39.3,3.734,75.6,57.35,59.06,3,0,16,60.25,894.66,NAO_DISPONIVEL
OP00426,TELECOM,49.67,,94.59,5.55,63.1,4,0,52,44.73,1374.82,NAO_DISPONIVEL
OP00427,SAUDE,47.15,2.206,158.35,36.8,66.32,5,0,105,53.42,1438.78,NAO_DISPONIVEL
OP00428,TELECOM,114.94,2.004,196.9,45.63,59.28,2,0,136,49.93,1260.38,NAO_DISPONIVEL
OP00429,ENERGIA,55.66,3.695,163.73,43.98,65.94,1,0,101,65.98,1222.15,NAO_DISPONIVEL
OP00430,ENERGIA,45.73,3.409,142.59,75.64,71.2,2,0,117,81.12,1142.45,NAO_DISPONIVEL
OP00431,SAUDE,42.02,2.008,102.18,19.21,65.6,3,0,74,69.39,995.08,NAO_DISPONIVEL
OP00432,TELECOM,52.81,3.291,146.22,27.36,79.46,5,0,65,80.94,1121.21,NAO_DISPONIVEL
OP00433,SAUDE,,2.215,125.06,99.78,60.13,2,0,74,56.05,1166.04,NAO_DISPONIVEL
OP00434,TELECOM,178.05,2.673,167.21,11.67,67.83,2,1,120,78.43,1023.28,NAO_DISPONIVEL
OP00435,TELECOM,65.45,2.716,163.43,84.65,82.35,4,0,106,40.7,1507.19,NAO_DISPONIVEL
OP00436,AGUA,33.36,2.26,87.49,62.83,29.47,0,2,122,43.19,612.28,NAO_DISPONIVEL
OP00437,TRANSITO,42.23,1.192,62.92,128.99,31.68,1,0,63,81.0,1139.06,NAO_DISPONIVEL
OP00438,TELECOM,49.27,2.612,120.0,,57.51,3,0,72,55.87,956.23,NAO_DISPONIVEL
OP00439,TELECOM,42.24,1.75,86.0,109.4,39.81,0,2,25,71.31,880.56,NAO_DISPONIVEL
OP00440,ENERGIA,50.38,3.473,115.64,29.59,53.32,2,2,97,84.7,622.64,NAO_DISPONIVEL
OP00441,TRANSITO,35.32,1.976,112.75,53.95,57.75,3,0,105,62.62,1157.4,NAO_DISPONIVEL
OP00442,TRANSITO,34.37,2.868,124.4,7.59,65.47,1,1,89,48.73,1094.67,NAO_DISPONIVEL
OP00443,TRANSITO,47.56,3.068,158.3,26.17,57.04,4,0,88,68.38,854.66,NAO_DISPONIVEL
OP00444,TELECOM,47.24,3.796,132.52,,89.81,5,1,33,49.64,1368.87,NAO_DISPONIVEL
OP00445,SAUDE,48.06,2.563,115.78,72.38,51.32,0,1,139,77.17,881.46,NAO_DISPONIVEL
OP00446,TRANSITO,44.51,0.94,70.94,31.64,29.45,2,1,63,46.91,755.3,NAO_DISPONIVEL
OP00447,TELECOM,42.46,2.739,68.02,12.2,48.08,2,0,53,68.08,1197.38,NAO_DISPONIVEL
OP00448,TRANSITO,46.78,2.742,93.99,95.47,57.23,0,3,88,76.12,1021.42,NAO_DISPONIVEL
OP00449,TELECOM,61.07,1.984,111.08,58.72,59.23,4,1,85,53.99,1153.05,NAO_DISPONIVEL
OP00450,ENERGIA,46.32,2.796,114.25,24.91,65.84,3,0,35,78.54,1121.05,NAO_DISPONIVEL
OP00451,TRANSITO,48.2,3.793,163.57,40.52,81.22,4,1,34,92.1,1001.35,NAO_DISPONIVEL
OP00452,AGUA,37.25,3.547,114.47,96.52,50.11,1,0,72,62.84,1110.45,NAO_DISPONIVEL
OP00453,TRANSITO,54.03,3.293,178.45,50.87,97.26,1,1,69,39.22,1281.01,NAO_DISPONIVEL
OP00454,TELECOM,50.4,3.748,122.02,130.84,65.3,3,0,44,47.35,1147.78,NAO_DISPONIVEL
OP00455,SAUDE,58.28,0.952,166.06,53.38,74.25,6,1,73,60.56,1000.44,NAO_DISPONIVEL
OP00456,AGUA,35.11,3.997,153.83,49.1,71.84,2,0,87,52.58,1470.04,NAO_DISPONIVEL
OP00457,TELECOM,33.55,2.848,86.99,48.66,62.55,1,1,45,75.71,1305.58,NAO_DISPONIVEL
OP00458,TRANSITO,,3.355,145.97,47.82,67.79,4,1,75,88.48,1008.25,NAO_DISPONIVEL
OP00459,ENERGIA,55.37,3.189,99.71,46.21,56.58,1,0,113,40.89,518.43,NAO_DISPONIVEL
OP00460,TELECOM,44.59,2.599,114.92,80.34,62.46,1,1,50,58.74,1147.89,NAO_DISPONIVEL
OP00461,TRANSITO,41.37,2.547,113.04,63.33,50.44,4,0,139,68.92,571.1,NAO_DISPONIVEL
OP00462,ENERGIA,40.89,3.547,53.62,24.27,32.22,0,0,2,89.58,464.38,NAO_DISPONIVEL
OP00463,TRANSITO,,2.996,101.87,12.55,73.57,3,1,11,82.03,1128.6,NAO_DISPONIVEL
OP00464,TRANSITO,48.91,2.708,98.79,52.92,56.66,2,1,125,55.65,1250.89,NAO_DISPONIVEL
OP00465,AGUA,36.2,2.968,92.49,,44.22,3,0,124,90.71,733.13,NAO_DISPONIVEL
OP00466,TRANSITO,44.52,2.769,124.2,29.39,62.09,3,0,100,91.47,1061.58,NAO_DISPONIVEL
OP00467,TELECOM,47.67,,150.51,97.33,67.75,4,1,131,65.34,810.74,NAO_DISPONIVEL
OP00468,TRANSITO,37.95,2.017,138.55,8.12,52.35,2,1,71,53.81,1021.74,NAO_DISPONIVEL
OP00469,AGUA,,2.994,160.07,23.34,88.27,3,1,83,20.92,1250.2,NAO_DISPONIVEL
OP00470,TRANSITO,61.05,3.606,166.29,123.95,94.35,2,1,20,48.85,930.74,NAO_DISPONIVEL
OP00471,SAUDE,45.76,1.42,83.88,51.77,42.04,3,0,114,64.79,953.51,NAO_DISPONIVEL
OP00472,TRANSITO,135.83,2.46,97.81,6.12,53.33,1,1,20,55.72,1077.95,NAO_DISPONIVEL
OP00473,ENERGIA,57.06,2.974,110.6,122.72,56.47,4,0,35,54.28,835.89,NAO_DISPONIVEL
OP00474,TELECOM,56.3,3.017,144.12,45.7,80.78,1,0,6,58.25,821.22,NAO_DISPONIVEL
OP00475,TRANSITO,39.99,1.624,75.82,73.81,62.38,1,0,6,71.67,1327.64,NAO_DISPONIVEL
OP00476,AGUA,39.24,2.591,116.21,40.49,62.19,6,0,11,74.07,1052.72,NAO_DISPONIVEL
OP00477,SAUDE,46.57,1.656,205.54,20.46,100.0,5,1,131,54.77,1258.13,NAO_DISPONIVEL
OP00478,TELECOM,56.73,1.866,176.39,81.38,82.41,2,2,139,53.06,1470.66,NAO_DISPONIVEL
OP00479,TELECOM,48.61,2.792,96.94,,48.04,1,0,3,47.41,907.98,NAO_DISPONIVEL
OP00480,AGUA,49.45,2.226,127.29,26.6,85.09,4,0,36,71.57,1476.03,NAO_DISPONIVEL
OP00481,TELECOM,45.24,2.708,131.6,50.24,69.89,5,0,16,71.02,1310.94,NAO_DISPONIVEL
OP00482,TRANSITO,52.68,2.157,116.36,25.14,45.38,2,1,119,48.07,809.07,NAO_DISPONIVEL
OP00483,ENERGIA,49.92,4.285,155.21,66.41,100.0,2,1,116,68.48,1456.61,NAO_DISPONIVEL
OP00484,TELECOM,38.21,2.455,89.34,54.35,51.92,3,0,69,88.24,882.05,NAO_DISPONIVEL
OP00485,TELECOM,46.25,1.906,159.23,64.08,79.2,3,1,131,66.86,1221.8,NAO_DISPONIVEL
OP00486,SAUDE,44.41,2.804,171.45,102.91,68.61,4,0,134,59.6,835.27,NAO_DISPONIVEL
OP00487,TRANSITO,52.41,2.998,122.07,9.49,60.76,6,1,16,42.71,1235.72,NAO_DISPONIVEL
OP00488,TRANSITO,45.97,2.828,142.53,55.96,71.9,5,0,102,56.17,1375.52,NAO_DISPONIVEL
OP00489,SAUDE,,1.843,172.53,29.86,77.18,2,0,131,66.65,1199.79,NAO_DISPONIVEL
OP00490,TRANSITO,46.09,1.296,90.38,120.87,47.87,2,0,17,58.44,817.68,NAO_DISPONIVEL
OP00491,TRANSITO,40.95,0.927,104.82,110.64,49.95,1,0,61,71.82,634.06,NAO_DISPONIVEL
OP00492,SAUDE,52.07,2.208,119.03,27.17,68.69,4,1,55,50.75,987.16,NAO_DISPONIVEL
OP00493,SAUDE,46.11,3.131,123.16,53.45,74.61,3,0,141,48.2,1845.07,NAO_DISPONIVEL
OP00494,ENERGIA,45.01,3.756,171.81,92.22,61.67,4,2,122,45.01,1008.23,NAO_DISPONIVEL
OP00495,SAUDE,39.82,2.617,118.31,39.12,57.73,2,0,36,63.9,1273.98,NAO_DISPONIVEL
OP00496,AGUA,31.54,2.431,73.74,65.06,41.14,0,1,68,56.69,969.0,NAO_DISPONIVEL
OP00497,TELECOM,55.68,2.849,131.75,32.19,83.34,10,2,34,93.93,1023.63,NAO_DISPONIVEL
OP00498,TELECOM,55.62,3.743,148.29,69.74,64.76,6,2,106,79.07,1394.28,NAO_DISPONIVEL
OP00499,TELECOM,47.6,2.413,165.92,89.61,69.77,6,0,118,70.29,1018.23,NAO_DISPONIVEL
OP00500,TELECOM,52.87,3.177,159.07,13.77,100.0,3,0,70,44.21,1615.73,NAO_DISPONIVEL
OP00501,TRANSITO,41.85,2.45,135.36,87.26,83.57,7,1,61,89.82,1445.25,NAO_DISPONIVEL
OP00502,ENERGIA,54.6,3.129,123.94,5.65,82.41,2,0,11,43.88,775.97,NAO_DISPONIVEL
OP00503,TELECOM,43.74,3.961,99.66,56.65,57.87,3,1,46,47.94,1409.1,NAO_DISPONIVEL
OP00504,TRANSITO,47.05,1.995,114.59,25.01,60.37,2,0,37,83.93,1063.55,NAO_DISPONIVEL
OP00505,TELECOM,53.77,2.519,158.82,34.38,81.44,3,1,28,100.0,1044.37,NAO_DISPONIVEL
OP00506,TELECOM,52.48,0.537,82.63,26.19,46.27,0,1,58,66.85,959.12,NAO_DISPONIVEL
OP00507,AGUA,36.1,2.398,153.71,8.08,71.99,2,1,28,83.42,1167.65,NAO_DISPONIVEL
OP00508,TELECOM,39.4,2.307,115.25,133.11,50.45,4,0,125,38.23,958.24,NAO_DISPONIVEL
OP00509,TRANSITO,55.03,2.823,146.98,48.66,61.91,0,0,123,48.14,981.77,NAO_DISPONIVEL
OP00510,TELECOM,45.66,3.466,100.38,104.07,67.51,4,1,81,51.87,977.23,NAO_DISPONIVEL
OP00511,TRANSITO,46.34,3.855,138.1,25.21,71.62,4,0,100,50.28,1399.68,NAO_DISPONIVEL
OP00512,TELECOM,40.45,2.412,113.7,92.48,59.29,2,0,25,66.6,1129.06,NAO_DISPONIVEL
OP00513,TRANSITO,44.14,2.769,87.47,75.89,52.85,2,1,39,52.1,1087.57,NAO_DISPONIVEL
OP00514,TELECOM,56.27,2.523,159.76,23.35,81.63,4,1,112,80.7,1733.15,NAO_DISPONIVEL
OP00515,TRANSITO,42.97,2.24,123.39,101.48,59.3,3,0,143,90.02,1327.03,NAO_DISPONIVEL
OP00516,ENERGIA,56.61,3.398,113.98,67.75,58.9,4,0,118,94.02,973.5,NAO_DISPONIVEL
OP00517,SAUDE,160.29,,96.7,52.9,52.07,1,4,64,53.39,1032.79,NAO_DISPONIVEL
OP00518,TRANSITO,42.82,1.957,115.73,88.5,63.62,1,1,128,73.85,739.59,NAO_DISPONIVEL
OP00519,ENERGIA,48.16,4.192,138.88,59.54,77.48,2,0,14,50.26,1176.14,NAO_DISPONIVEL
OP00520,AGUA,38.74,4.477,156.11,16.0,71.6,4,0,84,72.4,1132.66,NAO_DISPONIVEL
OP00521,TELECOM,41.45,1.903,182.01,14.24,72.03,1,0,128,65.39,1008.63,NAO_DISPONIVEL
OP00522,AGUA,47.92,4.023,130.21,23.33,63.63,4,2,124,57.85,1314.22,NAO_DISPONIVEL
OP00523,SAUDE,44.64,1.945,112.99,112.69,54.99,1,0,44,47.99,1006.08,NAO_DISPONIVEL
OP00524,ENERGIA,49.18,3.375,106.42,12.56,54.17,3,0,23,77.45,696.21,NAO_DISPONIVEL
OP00525,ENERGIA,44.43,3.61,135.39,28.59,75.25,4,0,74,54.99,1370.01,NAO_DISPONIVEL
OP00526,ENERGIA,46.57,2.038,98.28,84.15,38.27,2,0,39,47.44,865.19,NAO_DISPONIVEL
OP00527,TRANSITO,40.44,1.774,146.42,124.33,58.36,7,0,114,52.91,536.05,NAO_DISPONIVEL
OP00528,TELECOM,57.89,1.564,134.48,14.71,94.13,5,0,61,54.0,1461.46,NAO_DISPONIVEL
OP00529,TELECOM,42.44,3.041,119.16,45.02,61.74,1,0,83,90.79,928.13,NAO_DISPONIVEL
OP00530,TELECOM,43.67,2.097,162.39,,65.56,4,1,144,60.42,1174.16,NAO_DISPONIVEL
OP00531,TRANSITO,45.8,2.807,110.09,17.7,65.79,2,0,50,99.67,1720.77,NAO_DISPONIVEL
OP00532,TRANSITO,45.46,1.213,96.7,34.53,52.52,6,1,104,51.22,1247.78,NAO_DISPONIVEL
OP00533,ENERGIA,48.15,3.714,167.6,,96.21,2,2,26,80.96,1527.3,NAO_DISPONIVEL
OP00534,AGUA,37.08,3.509,180.99,36.81,91.3,3,0,87,82.66,1202.38,NAO_DISPONIVEL
OP00535,ENERGIA,40.77,1.889,108.3,94.58,54.26,4,0,128,66.57,1010.65,NAO_DISPONIVEL
OP00536,ENERGIA,44.8,3.784,156.29,27.83,80.13,3,2,86,49.03,1102.75,NAO_DISPONIVEL
OP00537,TELECOM,48.41,7.676,107.57,14.36,85.12,0,2,8,60.63,766.8,NAO_DISPONIVEL
OP00538,AGUA,40.54,3.529,137.3,33.97,78.99,3,0,40,66.2,1412.76,NAO_DISPONIVEL
OP00539,TELECOM,46.32,2.466,134.41,138.48,51.45,3,0,99,52.29,1104.55,NAO_DISPONIVEL
OP00540,AGUA,30.33,,54.54,38.88,25.52,3,0,12,58.11,490.63,NAO_DISPONIVEL
OP00541,TRANSITO,,2.045,90.79,28.89,41.91,1,0,12,91.14,588.51,NAO_DISPONIVEL
OP00542,TELECOM,50.01,3.408,174.42,8.96,99.62,7,0,2,52.26,1053.15,NAO_DISPONIVEL
OP00543,AGUA,39.43,3.648,86.24,56.06,43.0,3,1,70,32.92,723.46,NAO_DISPONIVEL
OP00544,SAUDE,42.24,2.889,147.97,46.78,66.12,2,1,115,62.78,1332.16,NAO_DISPONIVEL
OP00545,ENERGIA,44.75,2.578,82.85,39.58,51.12,3,1,47,41.36,1110.03,NAO_DISPONIVEL
OP00546,TRANSITO,43.22,2.822,66.53,26.6,32.79,4,0,47,83.43,362.43,NAO_DISPONIVEL
OP00547,TRANSITO,43.34,3.805,133.48,,78.56,3,1,134,69.12,1436.92,NAO_DISPONIVEL
OP00548,AGUA,44.46,,75.31,259.17,43.81,2,1,69,51.33,667.35,NAO_DISPONIVEL
OP00549,ENERGIA,139.72,,154.94,83.77,80.23,5,1,75,61.64,973.67,NAO_DISPONIVEL
OP00550,TRANSITO,43.9,1.518,161.15,64.69,70.62,3,0,125,54.65,1188.59,NAO_DISPONIVEL
OP00551,TRANSITO,45.8,,127.47,45.87,71.08,2,0,83,56.22,999.23,NAO_DISPONIVEL
OP00552,SAUDE,36.77,1.257,128.49,28.36,79.92,1,1,44,43.97,1113.47,NAO_DISPONIVEL
OP00553,TRANSITO,48.44,2.429,139.9,36.91,70.71,2,0,29,43.73,814.88,NAO_DISPONIVEL
OP00554,TRANSITO,38.17,1.98,127.6,39.49,64.59,5,3,111,94.35,1388.5,NAO_DISPONIVEL
OP00555,ENERGIA,49.66,2.836,170.93,39.73,71.57,2,0,47,80.94,1068.81,NAO_DISPONIVEL
OP00556,TRANSITO,51.63,,148.39,29.17,84.53,4,0,57,92.36,1163.27,NAO_DISPONIVEL
OP00557,ENERGIA,47.89,4.553,106.22,72.88,60.77,1,1,17,99.02,1314.73,NAO_DISPONIVEL
OP00558,AGUA,44.13,3.014,144.43,93.1,63.91,4,0,129,49.68,1077.72,NAO_DISPONIVEL
OP00559,TELECOM,47.2,4.027,104.62,,68.32,0,0,6,69.31,827.95,NAO_DISPONIVEL
OP00560,AGUA,35.64,2.183,125.61,,57.22,2,0,91,49.12,1457.88,NAO_DISPONIVEL
OP00561,ENERGIA,48.21,4.762,155.03,39.11,81.84,4,0,114,66.9,1291.16,NAO_DISPONIVEL
OP00562,TRANSITO,,1.972,106.25,29.38,73.46,4,1,28,70.08,1053.49,NAO_DISPONIVEL
OP00563,ENERGIA,112.76,3.602,153.13,61.82,67.79,3,2,96,42.78,905.82,NAO_DISPONIVEL
OP00564,TRANSITO,43.7,3.486,99.28,11.62,51.65,2,1,105,88.23,900.08,NAO_DISPONIVEL
OP00565,TELECOM,50.55,4.706,96.88,127.26,63.15,3,2,9,74.14,1250.34,NAO_DISPONIVEL
OP00566,SAUDE,40.55,2.17,102.72,25.8,55.13,2,1,122,60.69,1297.86,NAO_DISPONIVEL
OP00567,TELECOM,225.86,2.496,131.73,64.37,90.19,5,0,4,59.58,1391.15,NAO_DISPONIVEL
OP00568,TELECOM,33.3,2.062,107.38,14.91,56.84,2,1,53,60.43,1270.46,NAO_DISPONIVEL
OP00569,AGUA,40.83,,90.9,26.99,62.99,6,0,58,61.46,1229.86,NAO_DISPONIVEL
OP00570,TELECOM,47.16,3.671,155.64,40.25,96.39,3,1,44,75.62,1239.14,NAO_DISPONIVEL
OP00571,ENERGIA,52.63,1.961,74.52,106.05,18.28,4,0,85,69.41,534.05,NAO_DISPONIVEL
OP00572,ENERGIA,42.45,2.223,101.15,8.03,46.31,2,0,72,52.8,1065.15,NAO_DISPONIVEL
OP00573,AGUA,220.4,2.839,206.55,47.71,99.2,6,0,100,61.35,1575.94,NAO_DISPONIVEL
OP00574,TELECOM,52.13,1.922,69.65,130.6,48.99,2,0,22,54.13,943.11,NAO_DISPONIVEL
OP00575,AGUA,44.73,2.229,75.27,12.4,54.14,3,0,19,72.68,1006.22,NAO_DISPONIVEL
OP00576,TELECOM,44.7,2.521,144.06,25.88,59.28,4,1,123,51.9,1069.59,NAO_DISPONIVEL
OP00577,TELECOM,55.21,,137.46,74.55,62.71,0,1,108,61.99,866.71,NAO_DISPONIVEL
OP00578,TELECOM,53.67,3.305,131.09,41.07,65.55,2,0,55,29.97,1294.73,NAO_DISPONIVEL
OP00579,AGUA,36.63,3.121,72.31,27.66,27.06,1,3,124,74.74,863.64,NAO_DISPONIVEL
OP00580,TRANSITO,,2.572,118.41,39.42,46.27,3,1,141,41.07,708.96,NAO_DISPONIVEL
OP00581,TRANSITO,47.05,3.255,133.15,45.85,60.22,0,0,21,52.44,1344.64,NAO_DISPONIVEL
OP00582,TELECOM,42.05,2.272,109.35,94.0,50.8,1,0,24,47.95,872.2,NAO_DISPONIVEL
OP00583,TRANSITO,46.03,1.863,35.97,40.13,51.21,1,1,4,37.54,1013.88,NAO_DISPONIVEL
OP00584,SAUDE,37.83,1.915,144.71,72.9,60.26,1,0,128,57.06,1191.85,NAO_DISPONIVEL
OP00585,TELECOM,44.51,0.517,79.88,53.31,34.38,3,0,16,55.15,1101.52,NAO_DISPONIVEL
OP00586,TELECOM,46.76,1.007,112.6,9.25,51.13,1,1,120,79.24,1024.35,NAO_DISPONIVEL
OP00587,AGUA,50.24,3.071,128.11,57.27,74.52,1,0,13,76.76,1416.04,NAO_DISPONIVEL
OP00588,ENERGIA,53.87,3.344,163.52,,100.0,1,0,49,61.98,1769.3,NAO_DISPONIVEL
OP00589,TELECOM,55.06,2.839,89.33,79.25,44.77,0,1,92,65.39,982.37,NAO_DISPONIVEL
OP00590,TRANSITO,51.39,1.594,124.32,49.77,48.62,0,0,123,73.91,991.65,NAO_DISPONIVEL
OP00591,AGUA,36.15,2.828,120.58,5.04,52.96,2,0,103,33.92,617.55,NAO_DISPONIVEL
OP00592,TRANSITO,,3.22,218.72,41.26,86.98,4,0,138,66.19,1618.74,NAO_DISPONIVEL
OP00593,ENERGIA,,1.919,113.17,79.89,67.84,2,0,3,56.99,965.15,NAO_DISPONIVEL
OP00594,TELECOM,51.06,2.132,110.45,61.8,56.32,3,2,120,71.76,510.6,NAO_DISPONIVEL
OP00595,TRANSITO,,2.05,138.22,38.49,72.36,3,0,86,73.05,1389.48,NAO_DISPONIVEL
OP00596,SAUDE,46.38,1.801,113.75,22.32,56.03,6,0,31,89.33,610.86,NAO_DISPONIVEL
OP00597,SAUDE,34.58,2.702,81.07,19.41,51.34,6,0,55,34.2,1003.69,NAO_DISPONIVEL
OP00598,TELECOM,50.38,,95.75,69.62,70.45,5,1,139,63.08,1070.5,NAO_DISPONIVEL
OP00599,TELECOM,43.09,2.305,117.33,64.54,35.4,2,0,60,58.57,1058.41,NAO_DISPONIVEL
OP00600,ENERGIA,47.65,2.808,31.13,28.35,24.02,1,2,23,73.47,917.73,NAO_DISPONIVEL
OP00601,TELECOM,,2.515,80.77,143.48,32.13,3,1,85,38.28,829.82,NAO_DISPONIVEL
OP00602,TELECOM,47.94,3.656,128.93,38.87,76.67,7,0,105,59.03,1066.98,NAO_DISPONIVEL
OP00603,TRANSITO,51.43,1.258,116.28,32.51,55.34,3,2,18,41.21,1269.12,NAO_DISPONIVEL
OP00604,TELECOM,54.43,2.154,124.25,,66.92,6,1,55,23.36,1070.98,NAO_DISPONIVEL
OP00605,SAUDE,31.94,3.263,111.13,118.25,70.57,3,0,66,66.54,939.18,NAO_DISPONIVEL
OP00606,TELECOM,40.88,2.291,100.28,33.12,67.42,2,0,16,77.2,1211.77,NAO_DISPONIVEL
OP00607,SAUDE,43.82,3.058,133.53,22.33,60.83,1,0,135,52.67,1308.05,NAO_DISPONIVEL
OP00608,TELECOM,39.53,3.878,136.7,85.31,63.95,3,1,17,61.52,914.76,NAO_DISPONIVEL
OP00609,TELECOM,43.35,1.942,87.81,29.14,45.05,3,0,138,74.7,868.0,NAO_DISPONIVEL
OP00610,ENERGIA,,3.556,105.63,39.0,64.79,6,0,55,71.89,857.97,NAO_DISPONIVEL
OP00611,TELECOM,58.11,3.265,117.45,49.11,71.74,4,0,21,59.5,1271.48,NAO_DISPONIVEL
OP00612,TELECOM,48.32,1.36,116.46,71.18,48.36,1,1,118,44.83,936.76,NAO_DISPONIVEL
OP00613,TELECOM,138.88,3.118,70.09,78.97,46.16,1,0,2,33.35,1132.31,NAO_DISPONIVEL
OP00614,ENERGIA,104.06,4.46,116.13,36.47,55.72,4,1,105,62.06,888.55,NAO_DISPONIVEL
OP00615,AGUA,,3.897,198.29,51.57,95.05,3,0,100,61.22,1091.66,NAO_DISPONIVEL
OP00616,ENERGIA,51.19,3.298,103.46,149.15,74.57,9,1,74,29.23,1609.36,NAO_DISPONIVEL
OP00617,TELECOM,54.03,4.176,91.98,15.61,44.4,3,2,27,78.5,926.42,NAO_DISPONIVEL
OP00618,TRANSITO,54.3,2.431,130.99,13.58,75.43,3,2,134,43.37,1187.38,NAO_DISPONIVEL
OP00619,TELECOM,45.24,1.08,93.78,14.36,38.58,0,0,125,92.44,689.53,NAO_DISPONIVEL
OP00620,TRANSITO,,1.557,60.17,52.96,45.56,1,0,94,42.18,1062.62,NAO_DISPONIVEL
OP00621,SAUDE,36.98,3.458,65.03,14.35,46.81,1,0,46,61.81,1157.2,NAO_DISPONIVEL
OP00622,TRANSITO,52.18,2.466,139.96,23.45,73.3,2,0,96,71.77,1563.65,NAO_DISPONIVEL
OP00623,ENERGIA,53.56,2.492,115.06,18.75,51.44,0,0,118,61.61,999.21,NAO_DISPONIVEL
OP00624,ENERGIA,40.71,3.34,82.53,25.29,48.86,1,1,77,75.65,1215.59,NAO_DISPONIVEL
OP00625,TELECOM,43.97,1.096,85.23,76.89,51.86,1,1,78,70.52,485.21,NAO_DISPONIVEL
OP00626,TRANSITO,,3.806,89.55,70.73,48.1,2,1,38,28.05,968.86,NAO_DISPONIVEL
OP00627,TELECOM,51.69,,125.2,11.99,62.48,2,0,69,75.86,1187.15,NAO_DISPONIVEL
OP00628,TELECOM,44.34,1.28,89.69,8.76,23.77,3,3,37,64.45,534.92,NAO_DISPONIVEL
OP00629,TRANSITO,36.36,1.571,93.45,113.65,26.92,3,0,85,70.2,727.93,NAO_DISPONIVEL
OP00630,TRANSITO,50.39,,197.89,33.38,85.86,3,0,143,52.32,1510.88,NAO_DISPONIVEL
OP00631,TRANSITO,40.35,3.054,108.81,36.03,59.61,1,0,140,25.38,1243.08,NAO_DISPONIVEL
OP00632,TRANSITO,44.54,3.002,109.2,25.26,57.4,3,1,39,44.49,1198.07,NAO_DISPONIVEL
OP00633,TRANSITO,41.97,3.409,125.16,142.49,29.94,2,1,131,65.75,685.38,NAO_DISPONIVEL
OP00634,SAUDE,38.54,,101.94,47.34,47.14,4,1,30,71.01,943.66,NAO_DISPONIVEL
OP00635,ENERGIA,36.47,3.779,107.83,32.53,43.34,1,2,99,61.66,1145.08,NAO_DISPONIVEL
OP00636,ENERGIA,41.97,1.676,129.08,25.93,65.61,0,2,19,52.46,700.83,NAO_DISPONIVEL
OP00637,SAUDE,,0.757,142.0,25.15,69.27,1,1,111,81.91,848.68,NAO_DISPONIVEL
OP00638,ENERGIA,48.92,3.409,123.72,68.28,58.88,1,0,45,69.26,1186.48,NAO_DISPONIVEL
OP00639,AGUA,48.87,2.116,129.76,,66.94,3,0,123,62.15,980.39,NAO_DISPONIVEL
OP00640,ENERGIA,,4.834,160.91,89.26,67.82,2,0,109,82.39,969.0,NAO_DISPONIVEL
OP00641,AGUA,33.89,4.028,122.76,53.4,68.55,1,0,39,66.03,1164.43,NAO_DISPONIVEL
OP00642,TELECOM,49.94,4.371,141.27,109.54,82.67,5,0,129,64.36,1641.92,NAO_DISPONIVEL
OP00643,AGUA,51.74,7.925,176.55,70.98,92.15,4,1,30,70.29,1644.87,NAO_DISPONIVEL
OP00644,ENERGIA,50.58,3.756,137.04,74.71,96.55,6,1,11,60.65,1298.73,NAO_DISPONIVEL
OP00645,SAUDE,45.74,2.203,114.88,27.8,69.26,2,0,13,78.33,1249.82,NAO_DISPONIVEL
OP00646,AGUA,40.57,3.615,100.32,30.43,56.92,4,1,19,59.99,998.88,NAO_DISPONIVEL
OP00647,TRANSITO,,3.741,132.95,8.21,55.76,2,2,79,67.65,735.77,NAO_DISPONIVEL
OP00648,ENERGIA,52.84,3.066,121.83,29.15,55.99,4,0,17,70.87,983.98,NAO_DISPONIVEL
OP00649,TELECOM,32.33,3.657,98.2,36.14,58.82,0,1,23,74.04,1508.47,NAO_DISPONIVEL
OP00650,TELECOM,46.26,2.989,102.88,24.77,59.2,5,0,91,20.45,1073.09,NAO_DISPONIVEL
OP00651,TRANSITO,40.27,2.834,154.45,56.93,88.55,2,0,32,49.6,1139.59,NAO_DISPONIVEL
OP00652,TRANSITO,,2.527,149.85,50.45,55.65,5,1,110,72.1,1294.5,NAO_DISPONIVEL
OP00653,TELECOM,44.0,3.121,125.99,68.07,61.51,2,0,67,45.78,921.16,NAO_DISPONIVEL
OP00654,ENERGIA,57.42,2.045,123.44,24.77,55.96,3,1,124,77.58,1056.06,NAO_DISPONIVEL
OP00655,SAUDE,42.45,2.076,131.92,16.61,75.38,4,2,96,65.34,1510.92,NAO_DISPONIVEL
OP00656,TELECOM,52.36,3.679,119.87,68.29,73.18,4,0,46,33.16,784.48,NAO_DISPONIVEL
OP00657,ENERGIA,44.36,2.783,93.92,126.56,58.15,2,1,71,52.66,1122.87,NAO_DISPONIVEL
OP00658,TRANSITO,48.84,2.51,120.73,65.45,75.04,1,0,74,73.44,1291.36,NAO_DISPONIVEL
OP00659,ENERGIA,51.61,2.75,70.44,44.68,54.77,4,3,47,74.96,854.78,NAO_DISPONIVEL
OP00660,ENERGIA,53.35,4.839,133.53,35.99,81.68,4,1,50,83.43,1281.4,NAO_DISPONIVEL
OP00661,TRANSITO,42.98,,106.06,40.76,44.97,2,1,110,32.37,966.51,NAO_DISPONIVEL
OP00662,ENERGIA,42.45,3.567,74.4,,42.81,4,0,67,71.02,726.53,NAO_DISPONIVEL
OP00663,ENERGIA,50.95,3.799,114.77,8.09,60.91,3,0,51,58.72,1402.29,NAO_DISPONIVEL
OP00664,AGUA,58.75,3.19,162.14,30.21,85.06,3,0,13,63.34,843.38,NAO_DISPONIVEL
OP00665,TRANSITO,48.2,1.905,140.66,15.36,76.31,3,1,125,90.64,1671.13,NAO_DISPONIVEL
OP00666,TELECOM,47.54,2.382,91.86,43.91,63.64,0,0,55,56.3,1125.54,NAO_DISPONIVEL
OP00667,TELECOM,97.46,3.68,143.77,79.69,79.77,2,0,22,44.46,1187.95,NAO_DISPONIVEL
OP00668,SAUDE,53.67,3.118,188.12,2.48,84.34,6,1,133,52.98,1579.43,NAO_DISPONIVEL
OP00669,AGUA,42.41,3.117,156.52,13.47,67.27,2,0,46,55.57,1116.86,NAO_DISPONIVEL
OP00670,ENERGIA,40.05,3.361,126.91,24.28,64.85,5,0,98,30.01,1619.79,NAO_DISPONIVEL
OP00671,AGUA,31.58,,118.75,46.73,66.8,1,0,8,60.26,1099.45,NAO_DISPONIVEL
OP00672,TELECOM,41.2,2.318,85.1,20.25,42.5,0,2,53,85.26,851.56,NAO_DISPONIVEL
OP00673,TELECOM,49.67,1.496,112.88,51.57,67.74,0,0,54,49.03,1146.43,NAO_DISPONIVEL
OP00674,SAUDE,,2.704,180.52,73.36,100.0,5,0,112,43.73,1542.03,NAO_DISPONIVEL
OP00675,TRANSITO,43.81,3.038,165.5,44.99,85.13,5,0,109,36.09,1270.52,NAO_DISPONIVEL
OP00676,TRANSITO,,2.482,105.83,91.71,55.92,0,0,73,83.31,1244.86,NAO_DISPONIVEL
OP00677,AGUA,34.16,3.282,117.27,12.03,57.78,4,0,72,61.87,1294.83,NAO_DISPONIVEL
OP00678,ENERGIA,223.48,,126.1,26.52,65.06,2,0,91,34.71,1264.93,NAO_DISPONIVEL
OP00679,SAUDE,46.6,2.387,107.16,39.31,58.22,3,0,52,52.03,1005.42,NAO_DISPONIVEL
OP00680,TELECOM,49.25,2.009,61.59,51.92,42.4,3,1,81,67.69,1431.36,NAO_DISPONIVEL
OP00681,ENERGIA,55.8,4.015,132.66,111.22,76.52,0,0,56,76.06,651.22,NAO_DISPONIVEL
OP00682,TELECOM,42.31,3.13,114.62,90.69,51.72,2,0,101,60.37,1197.3,NAO_DISPONIVEL
OP00683,TRANSITO,37.44,2.202,93.45,40.14,35.21,4,0,61,76.56,1069.22,NAO_DISPONIVEL
OP00684,AGUA,37.92,2.284,90.02,24.02,49.99,3,1,137,53.67,988.85,NAO_DISPONIVEL
OP00685,ENERGIA,,4.21,141.24,34.71,68.32,0,0,121,70.92,975.78,NAO_DISPONIVEL
OP00686,SAUDE,48.88,2.047,134.2,35.89,63.81,2,1,43,56.74,1454.09,NAO_DISPONIVEL
OP00687,TELECOM,56.17,3.27,126.46,38.89,63.05,6,0,21,84.69,903.95,NAO_DISPONIVEL
OP00688,AGUA,43.8,,79.14,19.99,47.74,1,1,40,39.03,512.21,NAO_DISPONIVEL
OP00689,AGUA,43.15,3.558,142.32,10.89,71.62,3,1,76,63.6,1025.65,NAO_DISPONIVEL
OP00690,TRANSITO,,2.003,139.17,6.52,51.6,3,0,91,65.55,1232.98,NAO_DISPONIVEL
OP00691,TELECOM,41.42,1.661,173.08,132.75,90.3,3,3,66,60.5,1444.46,NAO_DISPONIVEL
OP00692,TRANSITO,44.91,2.708,89.98,34.27,58.76,6,0,30,97.67,1344.7,NAO_DISPONIVEL
OP00693,TELECOM,53.19,,167.91,49.22,75.67,2,3,141,80.98,1718.96,NAO_DISPONIVEL
OP00694,AGUA,41.29,3.974,154.55,82.98,90.02,5,0,66,66.49,1481.12,NAO_DISPONIVEL
OP00695,ENERGIA,51.38,2.44,116.85,25.58,57.26,1,0,29,58.53,1176.94,NAO_DISPONIVEL
OP00696,AGUA,53.1,2.774,177.72,52.29,91.91,5,0,109,34.64,1368.82,NAO_DISPONIVEL
OP00697,SAUDE,32.23,,130.08,129.35,62.26,5,1,55,80.5,1572.03,NAO_DISPONIVEL
OP00698,ENERGIA,52.49,2.565,54.91,141.21,34.98,3,2,69,15.0,1060.04,NAO_DISPONIVEL
OP00699,TELECOM,41.27,2.47,55.37,11.33,21.1,3,0,6,67.58,271.86,NAO_DISPONIVEL
OP00700,SAUDE,39.56,1.81,89.48,38.95,38.34,0,1,83,69.15,1234.57,NAO_DISPONIVEL
OP00701,TRANSITO,49.97,2.165,162.98,90.1,83.2,4,0,79,57.16,1025.01,NAO_DISPONIVEL
OP00702,TRANSITO,38.44,2.632,78.08,52.7,42.96,4,1,40,86.16,1024.89,NAO_DISPONIVEL
OP00703,TRANSITO,39.77,2.24,58.19,33.42,33.99,3,1,2,67.03,709.1,NAO_DISPONIVEL
OP00704,TRANSITO,168.99,4.081,124.37,43.78,73.08,2,0,57,55.93,1081.75,NAO_DISPONIVEL
OP00705,TELECOM,45.45,,124.2,33.51,49.51,3,0,99,66.38,913.4,NAO_DISPONIVEL
OP00706,TRANSITO,,1.846,92.64,,39.66,3,0,108,46.87,597.79,NAO_DISPONIVEL
OP00707,TRANSITO,48.4,2.488,135.82,71.89,81.39,0,1,74,65.5,1260.84,NAO_DISPONIVEL
OP00708,TRANSITO,53.35,1.503,156.05,89.17,93.64,4,0,22,64.2,1517.95,NAO_DISPONIVEL
OP00709,ENERGIA,163.23,4.526,165.22,58.88,90.95,3,1,115,45.02,854.8,NAO_DISPONIVEL
OP00710,ENERGIA,,2.892,149.54,38.08,63.37,2,0,134,51.55,1279.74,NAO_DISPONIVEL
OP00711,TELECOM,57.22,1.78,128.41,5.82,67.13,5,0,88,64.66,1124.49,NAO_DISPONIVEL
OP00712,TELECOM,53.48,3.668,168.02,87.92,82.61,0,1,98,81.36,1230.67,NAO_DISPONIVEL
OP00713,TELECOM,39.17,3.023,124.89,51.6,60.49,1,1,34,64.75,1456.68,NAO_DISPONIVEL
OP00714,TRANSITO,46.17,2.719,84.85,50.24,50.58,4,0,49,61.69,926.66,NAO_DISPONIVEL
OP00715,TELECOM,39.34,1.756,75.59,99.13,59.71,2,0,38,60.37,529.42,NAO_DISPONIVEL
OP00716,TRANSITO,50.19,,129.69,24.09,86.18,7,0,122,46.82,1482.27,NAO_DISPONIVEL
OP00717,ENERGIA,48.07,4.496,148.88,16.59,81.51,2,0,73,95.72,1388.25,NAO_DISPONIVEL
OP00718,AGUA,35.84,3.16,178.59,62.54,73.69,2,2,114,67.49,1066.14,NAO_DISPONIVEL
OP00719,ENERGIA,44.94,4.327,99.04,50.5,46.63,1,1,109,35.55,1166.92,NAO_DISPONIVEL
OP00720,TELECOM,49.53,1.576,131.43,34.25,67.92,1,0,115,50.57,1212.22,NAO_DISPONIVEL
OP00721,TRANSITO,44.78,1.995,101.16,20.61,46.53,3,0,81,34.6,1121.24,NAO_DISPONIVEL
OP00722,TELECOM,41.72,,80.07,33.15,44.45,3,2,102,100.0,788.71,NAO_DISPONIVEL
OP00723,SAUDE,39.73,2.415,129.75,77.94,65.24,4,1,43,97.58,1172.3,NAO_DISPONIVEL
OP00724,AGUA,40.39,4.393,207.75,145.72,81.93,3,1,126,59.05,1281.13,NAO_DISPONIVEL
OP00725,ENERGIA,47.32,2.945,143.92,79.6,80.98,4,0,120,60.93,1081.83,NAO_DISPONIVEL
OP00726,TELECOM,48.03,1.888,99.58,11.56,55.66,3,1,10,53.29,1253.35,NAO_DISPONIVEL
OP00727,TRANSITO,38.65,2.414,117.87,42.86,55.81,3,1,135,79.58,965.17,NAO_DISPONIVEL
OP00728,SAUDE,46.34,1.606,104.57,75.23,71.26,4,2,27,73.35,1024.36,NAO_DISPONIVEL
OP00729,TELECOM,44.75,0.834,170.03,64.27,69.64,4,0,127,63.38,1037.71,NAO_DISPONIVEL
OP00730,TRANSITO,,,86.99,46.96,54.76,1,1,46,67.85,1500.3,NAO_DISPONIVEL
OP00731,SAUDE,42.87,0.0,126.73,150.4,62.41,4,0,92,72.65,1018.9,NAO_DISPONIVEL
OP00732,TRANSITO,39.52,2.343,154.25,84.1,66.52,3,1,77,83.39,1058.04,NAO_DISPONIVEL
OP00733,AGUA,39.56,,150.53,,67.59,2,0,114,79.71,1049.73,NAO_DISPONIVEL
OP00734,TELECOM,48.2,3.239,110.52,50.45,49.77,4,0,59,67.06,924.53,NAO_DISPONIVEL
OP00735,TELECOM,46.28,3.108,100.19,,49.67,1,1,26,75.17,1014.86,NAO_DISPONIVEL
OP00736,TRANSITO,44.99,3.877,156.49,73.79,85.52,3,0,91,71.16,1368.4,NAO_DISPONIVEL
OP00737,ENERGIA,43.73,3.03,148.19,106.92,52.85,3,0,114,37.77,727.43,NAO_DISPONIVEL
OP00738,TELECOM,46.33,3.603,99.45,48.08,66.62,3,0,9,40.2,1253.84,NAO_DISPONIVEL
OP00739,ENERGIA,42.93,3.048,79.46,75.01,54.76,5,0,59,71.21,714.6,NAO_DISPONIVEL
OP00740,AGUA,43.82,2.471,123.37,27.96,66.21,1,0,58,81.03,1363.52,NAO_DISPONIVEL
OP00741,ENERGIA,55.73,3.652,127.69,32.0,82.78,4,0,40,79.76,1453.13,NAO_DISPONIVEL
OP00742,TRANSITO,42.56,3.053,125.46,30.87,52.33,0,0,28,82.95,1021.78,NAO_DISPONIVEL
OP00743,TELECOM,48.9,,78.81,69.19,32.35,2,0,58,98.61,700.6,NAO_DISPONIVEL
OP00744,ENERGIA,40.42,3.06,127.92,52.89,62.78,1,1,43,65.82,882.97,NAO_DISPONIVEL
OP00745,AGUA,,2.355,97.07,11.87,43.35,2,0,59,76.65,961.79,NAO_DISPONIVEL
OP00746,TRANSITO,41.9,0.523,66.6,14.51,40.03,1,0,84,83.98,449.98,NAO_DISPONIVEL
OP00747,TELECOM,46.62,2.503,115.51,14.42,70.39,4,1,34,67.85,1025.88,NAO_DISPONIVEL
OP00748,TELECOM,45.59,0.995,102.84,84.81,62.67,5,1,40,91.74,1062.95,NAO_DISPONIVEL
OP00749,TRANSITO,54.8,,108.29,35.88,63.55,3,1,114,56.95,1256.44,NAO_DISPONIVEL
OP00750,ENERGIA,34.12,3.5,90.33,60.23,52.66,0,1,72,69.08,970.89,NAO_DISPONIVEL
OP00751,ENERGIA,42.6,3.619,102.44,103.39,57.72,1,0,77,67.63,855.41,NAO_DISPONIVEL
OP00752,TELECOM,57.96,2.909,66.91,,35.37,2,1,37,63.65,1222.82,NAO_DISPONIVEL
OP00753,TRANSITO,53.63,1.69,146.6,46.3,80.61,5,0,16,50.31,1074.62,NAO_DISPONIVEL
OP00754,TRANSITO,47.44,3.098,139.07,12.32,85.68,7,1,34,68.11,1399.69,NAO_DISPONIVEL
OP00755,TELECOM,35.53,2.216,79.02,43.87,53.09,2,0,16,56.59,1578.66,NAO_DISPONIVEL
OP00756,SAUDE,36.97,3.235,77.36,21.3,56.11,3,0,86,87.02,592.54,NAO_DISPONIVEL
OP00757,ENERGIA,60.8,3.18,141.64,47.53,69.64,2,1,85,45.34,1139.74,NAO_DISPONIVEL
OP00758,TELECOM,51.13,2.99,168.28,37.92,91.05,4,0,57,62.04,1220.78,NAO_DISPONIVEL
OP00759,TELECOM,55.48,2.315,160.22,25.69,88.9,6,3,108,63.39,1309.99,NAO_DISPONIVEL
OP00760,TRANSITO,,2.252,129.02,25.53,61.33,4,0,56,37.42,960.07,NAO_DISPONIVEL
OP00761,TRANSITO,53.95,1.743,102.25,65.35,52.09,3,0,52,43.45,912.96,NAO_DISPONIVEL
OP00762,TRANSITO,44.94,0.808,90.36,36.43,36.08,1,1,95,44.22,728.77,NAO_DISPONIVEL
OP00763,SAUDE,38.17,0.596,90.11,50.54,43.19,1,2,60,95.43,924.92,NAO_DISPONIVEL
OP00764,TRANSITO,57.55,2.78,148.5,27.42,79.62,4,0,125,55.59,1775.52,NAO_DISPONIVEL
OP00765,TRANSITO,48.18,3.605,115.63,62.8,72.57,4,0,77,74.32,895.49,NAO_DISPONIVEL
OP00766,AGUA,134.87,2.61,187.89,22.19,95.23,5,0,103,66.72,1566.16,NAO_DISPONIVEL
OP00767,TELECOM,48.73,3.389,146.94,107.5,83.69,7,0,29,48.8,1150.64,NAO_DISPONIVEL
OP00768,TELECOM,58.26,2.578,157.11,73.47,68.08,1,1,87,74.94,1393.21,NAO_DISPONIVEL
OP00769,TRANSITO,49.41,2.108,65.95,41.32,30.43,1,0,31,53.72,509.93,NAO_DISPONIVEL
OP00770,TELECOM,46.2,2.904,92.22,69.13,61.05,1,0,14,47.37,852.25,NAO_DISPONIVEL
OP00771,ENERGIA,42.45,3.29,86.12,15.56,35.7,0,0,36,95.68,790.68,NAO_DISPONIVEL
OP00772,ENERGIA,44.83,4.087,87.24,67.74,36.03,2,1,118,53.52,420.8,NAO_DISPONIVEL
OP00773,TRANSITO,45.27,3.157,90.45,5.96,46.99,2,0,121,57.6,900.27,NAO_DISPONIVEL
OP00774,TELECOM,49.79,3.882,172.93,,94.7,5,2,32,60.49,1312.74,NAO_DISPONIVEL
OP00775,AGUA,50.98,3.51,138.94,,85.53,8,1,41,54.45,1634.48,NAO_DISPONIVEL
OP00776,TRANSITO,49.75,2.841,176.32,35.5,89.39,2,0,77,56.61,1641.02,NAO_DISPONIVEL
OP00777,TRANSITO,52.64,0.993,119.78,59.56,63.51,6,1,113,66.19,626.33,NAO_DISPONIVEL
OP00778,ENERGIA,43.51,3.236,109.58,125.39,64.67,4,0,5,52.49,1026.41,NAO_DISPONIVEL
OP00779,TELECOM,47.92,2.816,104.62,34.27,73.88,1,0,21,55.56,1370.1,NAO_DISPONIVEL
OP00780,TRANSITO,,2.764,127.84,58.98,72.34,6,0,39,67.44,1304.89,NAO_DISPONIVEL
OP00781,ENERGIA,47.07,2.665,151.14,3.52,92.62,4,0,38,59.3,1709.88,NAO_DISPONIVEL
OP00782,AGUA,48.06,3.093,163.79,96.55,100.0,4,1,13,75.15,1672.23,NAO_DISPONIVEL
OP00783,TELECOM,51.06,3.154,164.02,135.58,71.88,3,1,66,38.24,1082.01,NAO_DISPONIVEL
OP00784,SAUDE,49.19,2.551,129.37,9.86,81.1,4,1,87,83.03,1367.01,NAO_DISPONIVEL
OP00785,TRANSITO,41.5,2.633,46.96,8.39,22.22,0,0,50,72.24,586.08,NAO_DISPONIVEL
OP00786,TELECOM,57.87,4.526,166.02,,88.83,2,1,34,67.59,1319.37,NAO_DISPONIVEL
OP00787,ENERGIA,53.03,2.283,125.61,39.9,67.75,2,0,90,32.5,1191.95,NAO_DISPONIVEL
OP00788,TELECOM,44.04,2.349,120.82,,73.31,3,0,106,54.44,831.49,NAO_DISPONIVEL
OP00789,TELECOM,41.49,1.681,83.17,75.42,42.66,3,1,27,48.14,1222.06,NAO_DISPONIVEL
OP00790,TELECOM,41.67,2.979,80.9,23.25,44.16,3,0,143,70.09,890.18,NAO_DISPONIVEL
OP00791,AGUA,43.76,2.767,150.07,14.82,97.61,6,1,38,54.99,1043.56,NAO_DISPONIVEL
OP00792,SAUDE,45.53,3.57,131.64,52.44,62.5,0,0,6,45.34,777.59,NAO_DISPONIVEL
OP00793,TRANSITO,41.77,2.852,139.93,39.51,59.17,3,1,95,46.21,1019.48,NAO_DISPONIVEL
OP00794,TRANSITO,56.91,3.427,149.53,110.66,81.96,4,0,46,69.19,1346.45,NAO_DISPONIVEL
OP00795,TRANSITO,,2.512,64.31,17.37,38.92,3,2,20,55.79,593.48,NAO_DISPONIVEL
OP00796,TELECOM,47.44,1.968,106.96,10.9,53.96,0,0,14,44.92,735.62,NAO_DISPONIVEL
OP00797,TELECOM,46.6,2.894,95.09,83.55,63.7,1,2,5,85.2,1235.59,NAO_DISPONIVEL
OP00798,TELECOM,47.34,2.603,173.2,63.39,85.63,1,3,91,47.55,1621.22,NAO_DISPONIVEL
OP00799,TELECOM,57.7,0.895,168.11,126.77,67.55,6,0,137,62.57,1439.01,NAO_DISPONIVEL
OP00800,TRANSITO,51.81,1.082,125.86,99.28,53.43,0,2,132,55.8,1284.04,NAO_DISPONIVEL
OP00801,TELECOM,48.6,2.981,89.2,59.17,65.27,3,1,36,50.04,1465.26,NAO_DISPONIVEL
OP00802,SAUDE,47.39,3.896,168.26,42.9,87.59,3,1,136,35.74,1618.44,NAO_DISPONIVEL
OP00803,ENERGIA,49.31,3.078,107.0,94.98,67.6,4,1,5,54.81,1001.04,NAO_DISPONIVEL
OP00804,TELECOM,57.28,3.197,141.46,35.42,87.12,3,0,4,61.01,1757.02,NAO_DISPONIVEL
OP00805,ENERGIA,43.43,2.114,109.08,116.9,43.84,3,2,56,59.56,930.3,NAO_DISPONIVEL
OP00806,TRANSITO,44.25,4.219,124.39,67.68,62.44,5,0,121,62.35,844.72,NAO_DISPONIVEL
OP00807,TELECOM,52.07,2.48,145.08,63.02,82.12,4,3,47,74.25,1309.0,NAO_DISPONIVEL
OP00808,TRANSITO,52.79,2.847,165.54,61.95,81.52,5,1,115,68.7,975.89,NAO_DISPONIVEL
OP00809,TRANSITO,,3.74,113.45,23.95,50.39,3,1,110,50.41,1100.1,NAO_DISPONIVEL
OP00810,TRANSITO,38.66,0.928,134.36,64.16,69.99,2,1,88,87.56,1073.05,NAO_DISPONIVEL
OP00811,SAUDE,45.92,1.021,149.48,56.58,57.45,3,1,116,71.7,1088.61,NAO_DISPONIVEL
OP00812,TELECOM,55.59,,140.95,72.44,74.28,3,0,98,69.14,1129.46,NAO_DISPONIVEL
OP00813,SAUDE,40.34,1.773,106.83,45.17,51.72,1,1,144,45.96,921.53,NAO_DISPONIVEL
OP00814,AGUA,55.07,3.099,101.0,16.67,46.6,0,0,49,40.56,901.46,NAO_DISPONIVEL
OP00815,TRANSITO,45.11,2.717,118.83,68.91,82.15,4,0,111,38.97,1478.63,NAO_DISPONIVEL
OP00816,TELECOM,48.14,3.007,85.26,85.75,38.19,3,1,50,60.8,718.94,NAO_DISPONIVEL
OP00817,TELECOM,56.92,2.699,157.19,50.26,71.73,7,0,119,47.37,1277.6,NAO_DISPONIVEL
OP00818,TELECOM,31.37,3.065,130.38,22.58,71.16,4,0,109,84.14,1405.53,NAO_DISPONIVEL
OP00819,AGUA,49.05,3.906,94.5,28.0,56.88,1,1,69,77.69,1512.51,NAO_DISPONIVEL
OP00820,TRANSITO,44.81,3.375,164.31,106.49,73.97,1,1,82,66.63,1102.93,NAO_DISPONIVEL
OP00821,TRANSITO,40.79,1.368,115.07,48.8,47.85,4,1,60,66.94,929.54,NAO_DISPONIVEL
OP00822,ENERGIA,46.37,1.865,120.78,23.13,69.47,3,0,86,45.2,1156.54,NAO_DISPONIVEL
OP00823,ENERGIA,51.58,3.519,157.54,21.78,69.6,4,0,102,85.06,1337.02,NAO_DISPONIVEL
OP00824,AGUA,36.96,3.163,126.99,24.77,66.41,2,1,124,66.74,966.94,NAO_DISPONIVEL
OP00825,AGUA,45.24,2.106,128.89,60.9,71.47,5,0,74,64.57,1142.21,NAO_DISPONIVEL
OP00826,ENERGIA,42.24,3.067,132.7,19.03,67.17,3,1,70,70.55,1313.14,NAO_DISPONIVEL
OP00827,ENERGIA,46.7,2.606,107.37,14.48,63.35,2,0,120,48.87,1163.37,NAO_DISPONIVEL
OP00828,ENERGIA,54.4,2.453,80.36,70.51,48.23,5,1,10,69.91,1036.67,NAO_DISPONIVEL
OP00829,TRANSITO,49.56,2.124,81.23,2.0,55.98,3,1,8,55.58,806.5,NAO_DISPONIVEL
OP00830,ENERGIA,60.99,4.264,148.11,,89.5,1,0,57,90.83,1382.28,NAO_DISPONIVEL
OP00831,TRANSITO,38.34,2.768,69.73,64.54,42.44,3,0,34,73.54,693.87,NAO_DISPONIVEL
OP00832,TELECOM,51.63,1.793,47.86,14.23,20.38,3,1,40,59.78,1078.43,NAO_DISPONIVEL
OP00833,TELECOM,53.96,6.727,129.24,14.81,54.4,1,0,131,50.2,1038.18,NAO_DISPONIVEL
OP00834,SAUDE,51.89,3.201,128.69,115.31,70.98,3,1,30,73.07,1060.36,NAO_DISPONIVEL
OP00835,ENERGIA,52.17,1.41,117.02,29.83,54.83,1,0,101,89.66,1063.04,NAO_DISPONIVEL
OP00836,TRANSITO,54.61,3.615,84.42,141.36,49.17,3,0,46,48.79,831.59,NAO_DISPONIVEL
OP00837,AGUA,48.09,5.173,135.23,32.86,79.53,2,0,85,73.47,1567.74,NAO_DISPONIVEL
OP00838,TRANSITO,49.14,4.383,168.77,33.13,95.18,5,0,106,61.72,1287.48,NAO_DISPONIVEL
OP00839,ENERGIA,44.73,4.168,132.71,33.26,72.4,1,0,118,52.57,657.1,NAO_DISPONIVEL
OP00840,TELECOM,50.27,2.627,97.27,22.5,66.35,5,0,35,15.0,1487.5,NAO_DISPONIVEL
OP00841,TELECOM,43.53,2.273,103.19,39.65,69.45,3,1,72,51.75,848.41,NAO_DISPONIVEL
OP00842,AGUA,44.63,2.514,168.08,39.92,100.0,1,1,88,56.53,1312.81,NAO_DISPONIVEL
OP00843,TRANSITO,41.44,2.358,140.41,47.39,67.48,1,1,118,68.19,959.21,NAO_DISPONIVEL
OP00844,ENERGIA,51.17,3.504,97.81,34.56,70.91,5,0,36,61.18,1125.66,NAO_DISPONIVEL
OP00845,AGUA,52.32,2.609,91.08,68.59,64.4,7,0,15,69.04,655.15,NAO_DISPONIVEL
OP00846,TRANSITO,,4.104,191.23,143.79,86.84,5,2,74,68.85,1352.23,NAO_DISPONIVEL
OP00847,AGUA,36.56,2.79,132.19,48.43,61.17,3,3,90,64.69,572.08,NAO_DISPONIVEL
OP00848,ENERGIA,61.84,4.663,144.56,108.35,97.85,5,3,44,68.66,1554.67,NAO_DISPONIVEL
OP00849,AGUA,,3.772,123.41,68.68,67.01,1,0,124,31.13,871.21,NAO_DISPONIVEL
OP00850,TELECOM,47.38,1.3,101.4,129.71,37.55,3,1,131,54.93,743.9,NAO_DISPONIVEL
OP00851,TRANSITO,49.78,3.078,162.24,63.05,95.82,3,0,59,64.71,1246.65,NAO_DISPONIVEL
OP00852,AGUA,37.99,2.325,98.74,46.53,50.97,6,0,50,78.12,932.91,NAO_DISPONIVEL
OP00853,TELECOM,47.96,2.539,121.96,6.72,74.88,2,0,17,76.04,1006.03,NAO_DISPONIVEL
OP00854,TELECOM,142.14,,173.35,27.86,75.92,1,0,103,68.84,1318.65,NAO_DISPONIVEL
OP00855,TRANSITO,43.93,2.526,129.29,146.29,73.76,4,1,130,71.75,1366.6,NAO_DISPONIVEL
OP00856,ENERGIA,52.68,3.241,144.13,9.63,85.27,2,0,23,53.51,1344.89,NAO_DISPONIVEL
OP00857,AGUA,44.69,1.59,150.35,93.41,76.78,3,1,80,50.49,1475.75,NAO_DISPONIVEL
OP00858,ENERGIA,31.54,1.796,74.84,18.55,41.18,1,1,82,65.99,616.8,NAO_DISPONIVEL
OP00859,ENERGIA,49.89,2.935,109.64,60.98,65.83,1,0,35,54.81,1367.75,NAO_DISPONIVEL
OP00860,TRANSITO,48.03,3.733,135.03,25.25,82.67,2,1,108,53.19,1273.91,NAO_DISPONIVEL
OP00861,TELECOM,43.55,2.55,95.82,100.63,46.29,0,0,131,65.32,713.68,NAO_DISPONIVEL
OP00862,TRANSITO,47.63,1.541,149.74,34.5,89.93,5,0,101,80.76,1390.87,NAO_DISPONIVEL
OP00863,TRANSITO,49.16,2.692,96.53,75.19,42.87,2,1,74,74.19,256.74,NAO_DISPONIVEL
OP00864,AGUA,41.03,2.811,161.85,52.26,79.76,9,0,90,74.11,1439.34,NAO_DISPONIVEL
OP00865,SAUDE,53.02,2.946,197.01,40.42,100.0,2,0,78,96.74,1903.81,NAO_DISPONIVEL
OP00866,SAUDE,,1.559,149.72,110.79,66.61,0,0,115,60.14,775.16,NAO_DISPONIVEL
OP00867,TELECOM,64.0,2.905,152.68,17.64,95.98,4,0,96,90.47,1432.07,NAO_DISPONIVEL
OP00868,TRANSITO,35.13,2.197,94.11,119.68,34.45,1,1,8,79.94,509.13,NAO_DISPONIVEL
OP00869,TELECOM,48.6,0.985,125.68,66.03,76.67,3,0,48,61.57,869.99,NAO_DISPONIVEL
OP00870,TRANSITO,42.92,,138.04,26.04,64.61,4,0,109,73.78,939.11,NAO_DISPONIVEL
OP00871,TELECOM,55.66,3.526,130.09,62.39,86.88,6,0,40,72.5,1256.27,NAO_DISPONIVEL
OP00872,ENERGIA,49.54,2.276,94.28,95.5,65.45,1,0,3,85.49,1454.94,NAO_DISPONIVEL
OP00873,SAUDE,40.84,7.022,159.49,5.48,72.68,5,2,143,48.87,1562.0,NAO_DISPONIVEL
OP00874,ENERGIA,53.51,2.859,160.02,47.13,72.06,7,0,99,77.18,985.88,NAO_DISPONIVEL
OP00875,ENERGIA,54.37,2.735,86.41,75.85,53.13,2,0,19,44.86,1017.45,NAO_DISPONIVEL
OP00876,TELECOM,51.65,3.46,179.95,60.51,75.36,3,1,124,73.01,1178.48,NAO_DISPONIVEL
OP00877,ENERGIA,,3.475,152.74,28.73,80.98,4,1,138,100.0,1291.87,NAO_DISPONIVEL
OP00878,SAUDE,48.62,2.221,96.27,20.92,65.68,3,2,52,79.99,1064.68,NAO_DISPONIVEL
OP00879,TELECOM,49.44,3.18,167.54,58.71,85.46,6,0,126,35.18,1531.71,NAO_DISPONIVEL
OP00880,TRANSITO,41.15,3.467,170.58,7.39,89.4,3,1,104,42.14,1533.2,NAO_DISPONIVEL
OP00881,SAUDE,34.61,2.038,107.39,11.88,39.45,1,0,142,70.66,853.74,NAO_DISPONIVEL
OP00882,ENERGIA,44.48,3.664,109.37,61.74,53.64,2,0,82,68.42,1218.22,NAO_DISPONIVEL
OP00883,ENERGIA,57.72,3.919,120.02,70.74,69.6,2,0,69,52.19,1436.0,NAO_DISPONIVEL
OP00884,AGUA,38.94,2.22,138.99,69.78,51.7,8,1,91,70.99,933.46,NAO_DISPONIVEL
OP00885,ENERGIA,43.66,3.696,110.15,94.18,54.11,2,0,18,64.42,1123.64,NAO_DISPONIVEL
OP00886,TRANSITO,41.73,3.956,107.73,14.37,59.39,1,1,59,90.38,940.22,NAO_DISPONIVEL
OP00887,ENERGIA,46.13,1.82,94.61,27.97,55.7,2,0,28,70.09,903.75,NAO_DISPONIVEL
OP00888,TRANSITO,33.58,1.902,64.56,34.66,15.79,3,0,90,47.65,586.27,NAO_DISPONIVEL
OP00889,TELECOM,45.57,2.106,161.06,44.84,63.73,6,1,116,62.24,1380.41,NAO_DISPONIVEL
OP00890,ENERGIA,43.04,2.48,154.79,46.55,58.37,2,0,131,38.06,897.46,NAO_DISPONIVEL
OP00891,AGUA,46.52,9.267,120.02,,99.29,7,0,50,41.81,1593.29,NAO_DISPONIVEL
OP00892,TELECOM,46.94,2.531,85.49,21.05,54.04,4,0,96,46.9,1237.85,NAO_DISPONIVEL
OP00893,SAUDE,48.84,3.112,125.03,161.66,57.66,4,1,63,81.99,864.07,NAO_DISPONIVEL
OP00894,AGUA,38.7,2.752,133.63,26.53,44.9,5,1,127,63.57,1144.21,NAO_DISPONIVEL
OP00895,SAUDE,46.54,2.555,103.6,7.34,73.24,3,0,11,73.03,1344.74,NAO_DISPONIVEL
OP00896,TELECOM,44.79,2.128,146.25,,54.85,3,0,78,71.37,886.44,NAO_DISPONIVEL
OP00897,TRANSITO,50.42,2.162,65.66,56.04,35.56,1,0,24,80.9,888.4,NAO_DISPONIVEL
OP00898,TELECOM,45.71,3.304,123.12,61.29,64.25,3,1,9,52.71,770.88,NAO_DISPONIVEL
OP00899,TELECOM,41.88,1.972,85.99,23.43,32.8,1,0,21,69.36,661.94,NAO_DISPONIVEL
OP00900,ENERGIA,109.91,4.172,97.71,31.06,69.8,5,0,6,55.3,991.81,NAO_DISPONIVEL
OP00901,AGUA,41.37,3.759,135.44,119.58,76.05,5,1,85,70.21,1332.92,NAO_DISPONIVEL
OP00902,TELECOM,36.24,2.734,122.0,88.29,51.59,1,0,105,58.92,1213.64,NAO_DISPONIVEL
OP00903,AGUA,49.45,2.88,91.4,32.4,62.78,2,0,12,51.6,586.65,NAO_DISPONIVEL
OP00904,ENERGIA,53.58,2.508,165.46,103.63,70.16,0,0,143,53.69,853.83,NAO_DISPONIVEL
OP00905,TRANSITO,47.6,1.548,91.57,24.46,53.48,0,1,129,63.84,785.57,NAO_DISPONIVEL
OP00906,TRANSITO,35.96,2.772,117.52,85.24,50.95,4,1,120,32.44,1124.71,NAO_DISPONIVEL
OP00907,SAUDE,27.83,2.721,56.89,60.32,47.74,1,1,23,38.92,1338.56,NAO_DISPONIVEL
OP00908,AGUA,45.29,3.336,138.38,111.22,77.25,2,1,107,63.63,1101.36,NAO_DISPONIVEL
OP00909,ENERGIA,43.44,2.822,125.65,94.11,65.8,1,2,75,48.87,1368.79,NAO_DISPONIVEL
OP00910,TRANSITO,43.07,2.734,157.6,22.88,78.79,3,0,89,66.27,1480.66,NAO_DISPONIVEL
OP00911,SAUDE,45.52,3.436,115.32,25.69,51.55,4,0,84,70.42,1059.92,NAO_DISPONIVEL
OP00912,TELECOM,47.05,2.309,104.25,56.17,63.17,3,2,8,51.39,899.36,NAO_DISPONIVEL
OP00913,ENERGIA,49.26,3.66,130.56,51.75,64.8,3,0,57,69.62,674.91,NAO_DISPONIVEL
OP00914,TRANSITO,42.72,3.688,141.94,26.81,71.73,3,1,122,84.58,1359.78,NAO_DISPONIVEL
OP00915,ENERGIA,133.0,1.715,84.49,86.47,54.33,1,0,29,56.03,1289.18,NAO_DISPONIVEL
OP00916,TRANSITO,35.29,2.573,100.62,20.08,51.15,6,0,126,59.85,1100.92,NAO_DISPONIVEL
OP00917,SAUDE,45.57,4.025,104.32,80.13,61.34,4,0,19,67.78,1049.2,NAO_DISPONIVEL
OP00918,TRANSITO,43.91,2.038,113.95,90.97,71.93,3,0,96,80.16,1434.6,NAO_DISPONIVEL
OP00919,AGUA,40.02,4.254,119.2,35.89,52.64,2,1,78,55.55,467.21,NAO_DISPONIVEL
OP00920,SAUDE,46.65,2.218,109.07,25.94,62.8,4,0,115,68.46,1044.19,NAO_DISPONIVEL
OP00921,SAUDE,52.41,2.241,116.85,28.42,77.54,2,1,42,73.38,842.19,NAO_DISPONIVEL
OP00922,TRANSITO,48.02,2.567,152.29,80.35,72.98,3,0,112,29.63,1183.52,NAO_DISPONIVEL
OP00923,ENERGIA,38.63,4.031,83.48,76.1,38.87,2,1,97,61.32,1210.91,NAO_DISPONIVEL
OP00924,AGUA,48.0,3.964,110.23,50.7,67.86,2,0,31,67.98,791.57,NAO_DISPONIVEL
OP00925,TELECOM,43.17,2.253,130.74,63.82,61.41,2,1,37,43.58,792.21,NAO_DISPONIVEL
OP00926,TELECOM,48.11,2.77,172.54,21.35,81.95,1,1,39,69.77,1283.05,NAO_DISPONIVEL
OP00927,TRANSITO,45.75,2.771,104.8,85.62,73.7,2,0,63,62.42,897.0,NAO_DISPONIVEL
OP00928,TRANSITO,43.44,2.979,141.43,79.63,50.7,2,0,120,72.81,746.79,NAO_DISPONIVEL
OP00929,TELECOM,41.39,1.915,146.61,37.9,85.45,4,0,41,41.13,1399.0,NAO_DISPONIVEL
OP00930,TRANSITO,49.17,3.351,161.07,27.84,74.99,2,1,116,39.55,1178.38,NAO_DISPONIVEL
OP00931,TELECOM,40.42,1.0,101.45,63.02,44.99,2,0,43,61.46,1048.51,NAO_DISPONIVEL
OP00932,AGUA,38.71,2.611,171.73,38.19,67.07,2,1,138,89.69,1064.31,NAO_DISPONIVEL
OP00933,ENERGIA,57.73,4.444,163.03,141.35,85.8,2,0,9,64.91,1488.53,NAO_DISPONIVEL
OP00934,SAUDE,40.61,3.372,152.43,,74.26,2,2,109,61.74,1257.81,NAO_DISPONIVEL
OP00935,TELECOM,55.33,2.862,139.01,150.54,93.81,4,0,73,35.84,1538.93,NAO_DISPONIVEL
OP00936,ENERGIA,205.77,1.29,143.84,82.95,56.49,2,0,54,69.51,1202.3,NAO_DISPONIVEL
OP00937,TRANSITO,54.41,2.592,113.1,101.49,68.55,1,1,48,66.49,1151.28,NAO_DISPONIVEL
OP00938,TRANSITO,39.9,2.71,121.75,126.78,54.96,2,1,54,67.3,1261.77,NAO_DISPONIVEL
OP00939,TELECOM,48.1,2.708,75.36,18.8,44.62,0,1,22,49.61,540.76,NAO_DISPONIVEL
OP00940,TELECOM,46.85,2.245,99.56,48.64,64.09,1,1,90,67.82,1189.74,NAO_DISPONIVEL
OP00941,TELECOM,39.61,0.265,85.24,22.03,55.47,3,1,7,63.15,1164.23,NAO_DISPONIVEL
OP00942,SAUDE,45.26,3.523,146.77,11.71,56.64,1,0,142,78.91,921.95,NAO_DISPONIVEL
OP00943,TRANSITO,38.99,2.656,157.9,10.28,80.33,2,0,36,85.0,1921.34,NAO_DISPONIVEL
OP00944,AGUA,37.22,3.125,68.77,19.81,37.55,3,1,70,52.37,907.43,NAO_DISPONIVEL
OP00945,TELECOM,49.83,4.314,157.75,,57.98,3,1,93,54.01,954.49,NAO_DISPONIVEL
OP00946,TRANSITO,47.08,3.34,133.81,101.72,76.01,3,1,136,54.23,982.33,NAO_DISPONIVEL
OP00947,ENERGIA,41.84,3.061,148.25,10.88,92.62,2,1,13,68.44,1874.0,NAO_DISPONIVEL
OP00948,TELECOM,42.78,,126.19,89.24,63.28,5,2,82,60.34,1065.75,NAO_DISPONIVEL
OP00949,SAUDE,44.49,2.077,93.72,201.1,59.23,5,1,81,55.47,1232.9,NAO_DISPONIVEL
OP00950,TELECOM,54.19,2.299,130.5,9.52,72.12,6,0,43,74.09,638.31,NAO_DISPONIVEL
OP00951,TELECOM,45.76,4.351,111.63,20.42,58.35,3,0,39,61.75,928.18,NAO_DISPONIVEL
OP00952,ENERGIA,207.78,2.36,102.08,93.84,50.59,5,0,143,48.34,1165.13,NAO_DISPONIVEL
OP00953,ENERGIA,,4.358,124.32,82.18,73.96,3,0,65,76.05,1203.42,NAO_DISPONIVEL
OP00954,TELECOM,48.54,1.999,99.99,122.79,63.25,2,1,3,82.58,1489.27,NAO_DISPONIVEL
OP00955,TRANSITO,52.25,1.047,144.24,16.72,76.62,3,0,108,84.05,1257.38,NAO_DISPONIVEL
OP00956,TRANSITO,,2.667,95.16,40.69,43.62,2,0,27,67.01,957.86,NAO_DISPONIVEL
OP00957,TELECOM,50.36,2.449,157.04,22.84,59.04,1,0,125,79.71,1219.85,NAO_DISPONIVEL
OP00958,AGUA,34.31,3.159,87.24,65.02,25.66,1,1,105,41.87,920.62,NAO_DISPONIVEL
OP00959,TELECOM,57.5,3.347,86.31,34.88,68.35,2,1,71,77.73,1097.55,NAO_DISPONIVEL
OP00960,TELECOM,43.87,2.223,71.57,8.88,39.11,1,0,45,76.19,1014.3,NAO_DISPONIVEL
OP00961,ENERGIA,45.69,2.796,120.53,46.94,52.85,2,0,139,72.09,834.97,NAO_DISPONIVEL
OP00962,ENERGIA,50.25,3.191,180.58,61.68,70.53,1,0,57,90.58,1061.41,NAO_DISPONIVEL
OP00963,TRANSITO,42.15,2.183,117.43,37.47,50.86,1,1,127,88.02,632.3,NAO_DISPONIVEL
OP00964,TRANSITO,170.25,2.984,147.64,68.59,70.77,2,0,28,51.3,1619.92,NAO_DISPONIVEL
OP00965,TELECOM,44.92,,112.2,62.95,74.96,4,1,40,54.4,1349.14,NAO_DISPONIVEL
OP00966,AGUA,,1.902,79.3,52.72,46.96,2,0,26,86.53,739.49,NAO_DISPONIVEL
OP00967,ENERGIA,53.06,3.977,61.24,43.84,38.54,2,0,64,90.92,839.41,NAO_DISPONIVEL
OP00968,SAUDE,44.05,3.627,170.12,41.18,85.81,10,1,142,73.78,1308.65,NAO_DISPONIVEL
OP00969,ENERGIA,38.36,3.007,49.18,40.25,12.13,3,0,52,40.03,595.35,NAO_DISPONIVEL
OP00970,TELECOM,46.62,2.076,69.44,64.27,33.35,6,0,48,53.15,1015.47,NAO_DISPONIVEL
OP00971,TRANSITO,41.23,3.857,98.56,49.93,70.83,0,1,73,67.82,1101.66,NAO_DISPONIVEL
OP00972,TELECOM,45.38,,97.75,47.02,48.89,1,0,43,34.34,882.26,NAO_DISPONIVEL
OP00973,ENERGIA,62.0,2.272,138.01,12.2,72.65,2,0,94,71.51,1608.42,NAO_DISPONIVEL
OP00974,ENERGIA,53.19,3.605,145.6,32.21,72.16,3,0,4,50.5,1089.07,NAO_DISPONIVEL
OP00975,TELECOM,52.41,5.135,151.6,34.03,80.04,5,0,117,81.24,903.55,NAO_DISPONIVEL
OP00976,TRANSITO,44.45,2.805,131.04,62.95,64.38,3,1,109,15.0,1020.1,NAO_DISPONIVEL
OP00977,ENERGIA,40.89,3.141,126.27,33.37,35.49,0,0,142,73.96,706.59,NAO_DISPONIVEL
OP00978,AGUA,42.07,2.372,91.5,67.57,28.55,1,0,89,43.31,804.8,NAO_DISPONIVEL
OP00979,TELECOM,39.94,3.346,122.13,,49.73,3,1,52,64.67,328.54,NAO_DISPONIVEL
OP00980,TRANSITO,40.09,3.951,78.97,56.24,49.41,3,1,86,64.43,978.61,NAO_DISPONIVEL
OP00981,ENERGIA,57.59,5.272,154.09,20.24,91.9,2,0,87,87.64,966.21,NAO_DISPONIVEL
OP00982,AGUA,46.25,2.86,191.01,46.75,98.22,5,0,125,44.49,1537.65,NAO_DISPONIVEL
OP00983,TRANSITO,41.16,2.208,99.19,18.79,51.11,3,2,83,45.55,783.86,NAO_DISPONIVEL
OP00984,AGUA,48.81,3.026,100.58,37.56,57.69,4,0,75,62.36,1279.16,NAO_DISPONIVEL
OP00985,TELECOM,57.03,2.013,132.37,69.03,69.9,3,1,144,62.2,871.54,NAO_DISPONIVEL
OP00986,TRANSITO,42.87,,112.93,59.04,60.47,2,0,83,63.41,930.98,NAO_DISPONIVEL
OP00987,TRANSITO,41.08,1.605,87.72,39.56,36.94,3,2,65,59.98,728.43,NAO_DISPONIVEL
OP00988,TRANSITO,46.92,2.169,104.68,51.68,67.59,5,1,110,61.06,1352.16,NAO_DISPONIVEL
OP00989,TELECOM,44.18,0.476,50.12,118.26,18.0,1,3,66,73.35,482.22,NAO_DISPONIVEL
OP00990,TRANSITO,42.04,3.07,155.75,77.06,61.07,1,1,119,22.13,1104.0,NAO_DISPONIVEL
OP00991,AGUA,38.54,7.818,123.52,17.57,58.09,3,0,124,62.94,988.72,NAO_DISPONIVEL
OP00992,TRANSITO,57.71,2.334,106.04,25.04,49.49,3,1,8,42.29,1123.0,NAO_DISPONIVEL
OP00993,ENERGIA,55.9,1.763,143.63,4.22,75.04,2,1,110,52.85,678.02,NAO_DISPONIVEL
OP00994,AGUA,45.26,3.526,126.46,12.03,82.08,3,1,107,65.42,1367.4,NAO_DISPONIVEL
OP00995,TELECOM,,2.109,110.0,,38.39,4,0,67,42.83,772.74,NAO_DISPONIVEL
OP00996,TRANSITO,49.52,2.563,96.95,12.98,36.26,3,0,118,56.35,1006.13,NAO_DISPONIVEL
OP00997,TRANSITO,38.35,2.661,163.84,84.06,89.46,1,0,140,64.42,1305.72,NAO_DISPONIVEL
OP00998,AGUA,35.81,4.171,134.36,35.71,71.36,3,2,44,75.23,676.76,NAO_DISPONIVEL
OP00999,ENERGIA,52.92,3.74,104.58,6.05,58.48,1,0,120,86.35,765.25,NAO_DISPONIVEL
OP01000,TELECOM,243.18,2.881,120.09,16.24,76.76,4,0,53,48.25,1164.5,NAO_DISPONIVEL
OP01001,TRANSITO,57.44,2.277,120.42,92.01,65.88,4,1,87,46.07,1011.1,NAO_DISPONIVEL
OP01002,TELECOM,45.62,3.241,105.31,81.83,61.79,4,0,3,62.86,1188.12,NAO_DISPONIVEL
OP01003,ENERGIA,52.96,3.041,72.53,135.52,46.44,1,1,59,56.09,1081.6,NAO_DISPONIVEL
OP01004,AGUA,43.77,2.092,114.63,45.41,46.18,3,0,105,52.59,1217.35,NAO_DISPONIVEL
OP01005,TRANSITO,49.74,3.142,147.55,62.05,89.96,2,0,8,69.35,1088.25,NAO_DISPONIVEL
OP01006,AGUA,49.99,2.644,102.1,28.84,65.4,1,1,10,60.98,1228.16,NAO_DISPONIVEL
OP01007,SAUDE,41.0,,110.0,66.61,47.45,2,0,60,65.17,599.16,NAO_DISPONIVEL
OP01008,TRANSITO,54.55,,157.85,12.44,95.27,1,1,62,71.73,1234.89,NAO_DISPONIVEL
OP01009,TRANSITO,54.06,2.47,163.36,46.77,89.02,5,1,33,67.91,1142.29,NAO_DISPONIVEL
OP01010,TRANSITO,38.96,0.649,100.59,40.04,47.63,3,0,123,66.55,1134.66,NAO_DISPONIVEL
OP01011,AGUA,41.24,3.221,154.73,29.37,75.64,4,0,93,74.96,987.7,NAO_DISPONIVEL
OP01012,TRANSITO,40.78,2.721,106.77,96.11,47.3,1,2,142,58.59,1073.18,NAO_DISPONIVEL
OP01013,TELECOM,51.77,,176.41,114.05,99.51,5,0,19,51.17,1533.46,NAO_DISPONIVEL
OP01014,TELECOM,39.0,2.916,120.1,64.87,41.36,1,0,113,65.08,1004.03,NAO_DISPONIVEL
OP01015,TRANSITO,113.66,3.53,137.52,86.59,66.69,3,0,140,66.06,1165.5,NAO_DISPONIVEL
OP01016,ENERGIA,38.52,3.13,112.91,73.68,57.37,2,2,57,62.83,1164.2,NAO_DISPONIVEL
OP01017,AGUA,35.86,3.626,143.52,25.36,62.75,2,0,129,89.64,689.97,NAO_DISPONIVEL
OP01018,TELECOM,49.33,2.361,161.13,,96.93,0,2,31,76.26,1456.21,NAO_DISPONIVEL
OP01019,SAUDE,38.89,3.235,103.94,45.65,65.84,2,0,9,57.4,938.9,NAO_DISPONIVEL
OP01020,TRANSITO,43.39,1.663,161.03,9.05,74.06,2,0,124,66.29,1200.55,NAO_DISPONIVEL
OP01021,SAUDE,42.92,1.515,87.25,47.76,50.07,3,0,12,55.55,1193.1,NAO_DISPONIVEL
OP01022,TRANSITO,47.65,1.358,138.97,19.02,41.37,3,1,75,70.03,751.63,NAO_DISPONIVEL
OP01023,ENERGIA,57.88,3.691,131.86,,73.88,2,2,8,98.23,1169.17,NAO_DISPONIVEL
OP01024,ENERGIA,60.64,2.829,149.13,19.18,78.46,8,0,55,47.72,1390.2,NAO_DISPONIVEL
OP01025,AGUA,40.49,3.791,139.76,14.68,73.53,3,0,89,48.64,960.43,NAO_DISPONIVEL
OP01026,AGUA,44.48,3.388,133.02,43.6,61.14,1,0,59,38.73,599.28,NAO_DISPONIVEL
OP01027,TRANSITO,51.93,1.896,134.14,103.79,90.49,3,0,3,71.03,1424.58,NAO_DISPONIVEL
OP01028,TELECOM,45.35,3.246,131.0,16.64,85.6,1,0,21,57.06,899.35,NAO_DISPONIVEL
OP01029,SAUDE,40.61,1.569,110.12,8.88,70.5,2,0,38,63.63,933.31,NAO_DISPONIVEL
OP01030,ENERGIA,41.16,5.104,189.04,26.93,77.74,4,1,143,44.66,1467.91,NAO_DISPONIVEL
OP01031,TELECOM,50.87,3.067,129.83,39.1,78.38,5,0,18,85.62,861.58,NAO_DISPONIVEL
OP01032,TELECOM,53.34,2.323,136.53,,53.48,1,0,138,69.96,488.62,NAO_DISPONIVEL
OP01033,TRANSITO,,1.962,102.56,59.39,73.37,4,3,114,44.98,1002.82,NAO_DISPONIVEL
OP01034,TELECOM,43.37,2.503,146.37,109.68,62.59,3,0,124,68.92,677.54,NAO_DISPONIVEL
OP01035,ENERGIA,47.76,3.234,159.55,58.82,65.87,3,0,109,81.61,1459.04,NAO_DISPONIVEL
OP01036,TELECOM,45.78,2.258,101.49,28.21,48.38,1,1,25,41.34,801.29,NAO_DISPONIVEL
OP01037,ENERGIA,45.4,4.674,196.12,89.27,100.0,0,1,29,76.69,1701.15,NAO_DISPONIVEL
OP01038,TRANSITO,56.18,2.813,130.15,56.57,74.81,6,1,43,41.87,1143.92,NAO_DISPONIVEL
OP01039,TELECOM,55.14,3.051,151.98,34.56,89.49,2,1,45,67.39,907.46,NAO_DISPONIVEL
OP01040,SAUDE,99.76,2.614,124.97,9.91,82.39,2,0,9,50.62,1360.85,NAO_DISPONIVEL
OP01041,TELECOM,47.64,3.627,144.41,,83.08,4,0,114,66.0,1090.97,NAO_DISPONIVEL
OP01042,TRANSITO,53.7,3.505,152.65,85.99,71.64,3,0,53,50.59,1065.96,NAO_DISPONIVEL
OP01043,SAUDE,35.19,0.645,130.25,32.02,38.93,2,1,100,76.74,637.66,NAO_DISPONIVEL
OP01044,AGUA,46.48,3.552,157.13,58.74,82.64,6,1,93,83.49,1569.72,NAO_DISPONIVEL
OP01045,SAUDE,40.72,1.729,60.08,86.77,21.88,0,0,73,85.52,823.59,NAO_DISPONIVEL
OP01046,TELECOM,46.68,3.09,161.85,,82.53,3,1,69,75.73,875.76,NAO_DISPONIVEL
OP01047,TRANSITO,38.77,3.817,108.3,76.08,51.85,3,1,50,81.42,1065.35,NAO_DISPONIVEL
OP01048,SAUDE,42.05,2.466,157.63,34.75,99.51,3,1,30,45.93,1325.08,NAO_DISPONIVEL
OP01049,TELECOM,43.94,2.407,121.75,37.86,66.17,3,0,79,74.36,1268.19,NAO_DISPONIVEL
OP01050,ENERGIA,41.81,2.381,130.77,17.68,64.9,0,1,97,71.09,1369.8,NAO_DISPONIVEL
OP01051,TELECOM,45.97,1.851,143.38,49.36,79.99,1,1,126,54.22,1326.73,NAO_DISPONIVEL
OP01052,ENERGIA,42.43,2.67,114.51,44.4,64.03,0,0,73,54.67,835.51,NAO_DISPONIVEL
OP01053,ENERGIA,58.27,3.628,154.61,100.55,100.0,4,1,25,59.16,1424.93,NAO_DISPONIVEL
OP01054,ENERGIA,54.6,4.23,114.95,23.91,63.76,1,0,51,53.49,1139.08,NAO_DISPONIVEL
OP01055,TELECOM,63.03,3.438,117.25,12.01,77.94,4,0,16,72.47,1400.87,NAO_DISPONIVEL
OP01056,SAUDE,34.6,2.403,103.06,25.68,49.78,6,1,74,74.84,1403.92,NAO_DISPONIVEL
OP01057,SAUDE,33.38,1.853,91.22,60.19,46.47,4,0,109,61.52,915.61,NAO_DISPONIVEL
OP01058,AGUA,46.01,2.218,120.61,133.23,69.68,1,0,112,56.8,1472.45,NAO_DISPONIVEL
OP01059,TRANSITO,37.04,3.084,83.57,32.01,41.15,2,0,73,42.91,994.58,NAO_DISPONIVEL
OP01060,TRANSITO,44.11,2.585,96.18,54.13,54.65,3,0,26,39.36,842.57,NAO_DISPONIVEL
OP01061,SAUDE,,1.97,108.9,37.35,50.15,3,0,133,58.38,926.15,NAO_DISPONIVEL
OP01062,TRANSITO,46.73,3.599,165.23,57.62,68.18,4,1,103,81.61,1449.45,NAO_DISPONIVEL
OP01063,SAUDE,37.65,10.623,131.76,20.79,83.71,2,0,12,89.3,1230.91,NAO_DISPONIVEL
OP01064,TELECOM,53.15,3.418,175.06,63.96,76.8,4,0,99,41.12,852.61,NAO_DISPONIVEL
OP01065,ENERGIA,56.31,4.267,162.28,14.41,79.02,1,1,96,82.6,1155.14,NAO_DISPONIVEL
OP01066,TRANSITO,,0.818,84.22,121.32,39.6,3,0,113,36.53,882.93,NAO_DISPONIVEL
OP01067,TELECOM,49.54,2.622,115.98,18.52,57.34,1,1,127,50.21,891.95,NAO_DISPONIVEL
OP01068,ENERGIA,48.22,8.695,158.42,41.85,79.04,1,0,88,42.68,1064.39,NAO_DISPONIVEL
OP01069,TRANSITO,39.25,2.271,106.59,58.54,45.26,4,0,132,61.64,938.7,NAO_DISPONIVEL
OP01070,ENERGIA,41.41,2.571,134.5,14.79,51.58,4,0,35,65.77,1129.01,NAO_DISPONIVEL
OP01071,TRANSITO,39.09,3.43,118.12,14.61,58.87,3,0,102,68.56,919.66,NAO_DISPONIVEL
OP01072,AGUA,42.39,2.444,99.19,10.37,50.61,1,1,98,55.42,683.55,NAO_DISPONIVEL
OP01073,TRANSITO,51.65,2.456,124.39,28.79,85.82,0,0,25,57.61,985.12,NAO_DISPONIVEL
OP01074,AGUA,42.94,2.384,148.92,62.45,71.2,4,3,36,73.71,1242.41,NAO_DISPONIVEL
OP01075,TELECOM,121.89,2.189,96.65,62.53,49.42,3,1,39,81.48,896.73,NAO_DISPONIVEL
OP01076,AGUA,41.41,3.162,93.2,50.79,57.74,5,1,24,81.65,1136.52,NAO_DISPONIVEL
OP01077,TRANSITO,54.51,2.878,157.73,71.42,93.53,2,0,47,78.54,1383.76,NAO_DISPONIVEL
OP01078,TRANSITO,56.75,1.409,148.71,70.72,82.62,8,1,33,51.77,1448.55,NAO_DISPONIVEL
OP01079,TELECOM,48.93,3.9,138.45,26.95,79.34,2,1,2,16.76,1439.09,NAO_DISPONIVEL
OP01080,TELECOM,58.71,1.857,131.33,30.05,70.05,2,0,101,80.71,1064.61,NAO_DISPONIVEL
OP01081,TRANSITO,,3.058,113.93,30.76,65.43,2,0,32,28.29,1456.3,NAO_DISPONIVEL
OP01082,ENERGIA,59.46,3.513,110.77,47.18,56.71,5,0,142,83.18,1171.12,NAO_DISPONIVEL
OP01083,TRANSITO,36.15,1.691,131.99,108.54,64.05,4,1,89,76.86,841.15,NAO_DISPONIVEL
OP01084,SAUDE,34.09,2.095,80.52,44.24,47.34,3,0,32,88.47,825.03,NAO_DISPONIVEL
OP01085,TELECOM,62.67,2.244,167.44,7.75,71.35,6,0,122,95.09,1334.46,NAO_DISPONIVEL
OP01086,TRANSITO,55.09,2.99,133.91,14.23,64.78,1,0,124,79.16,1424.31,NAO_DISPONIVEL
OP01087,TELECOM,207.62,1.956,154.62,,72.56,0,0,97,89.8,1690.01,NAO_DISPONIVEL
OP01088,ENERGIA,44.82,1.921,108.1,50.59,45.83,4,1,74,64.74,1052.87,NAO_DISPONIVEL
OP01089,TELECOM,53.87,2.58,202.08,51.71,100.0,3,2,46,73.28,1229.96,NAO_DISPONIVEL
OP01090,SAUDE,47.17,1.709,98.42,65.1,40.7,3,0,71,71.35,737.78,NAO_DISPONIVEL
OP01091,SAUDE,40.85,,118.02,,49.95,4,0,126,67.12,1172.43,NAO_DISPONIVEL
OP01092,SAUDE,117.01,3.384,176.5,57.6,87.56,4,2,59,61.25,1306.67,NAO_DISPONIVEL
OP01093,SAUDE,41.0,2.204,154.54,,69.79,3,1,93,45.94,1221.73,NAO_DISPONIVEL
OP01094,ENERGIA,49.43,8.248,78.05,97.49,56.64,3,2,70,55.37,894.72,NAO_DISPONIVEL
OP01095,TELECOM,34.47,2.854,118.96,49.63,77.98,3,0,40,78.85,926.73,NAO_DISPONIVEL
OP01096,AGUA,,4.218,138.31,185.88,69.27,7,0,41,55.77,857.63,NAO_DISPONIVEL
OP01097,SAUDE,38.2,1.659,102.8,133.59,60.62,1,0,44,89.89,974.32,NAO_DISPONIVEL
OP01098,SAUDE,28.25,2.059,94.14,26.47,33.37,3,1,130,41.95,609.4,NAO_DISPONIVEL
OP01099,TELECOM,51.08,2.403,160.86,9.71,81.89,2,0,135,70.68,1048.79,NAO_DISPONIVEL
OP01100,TRANSITO,38.89,3.183,87.5,26.86,52.72,2,1,11,70.67,905.83,NAO_DISPONIVEL
OP01101,TELECOM,42.45,1.744,95.58,29.28,24.82,1,0,38,48.89,805.45,NAO_DISPONIVEL
OP01102,TELECOM,56.58,2.708,110.6,168.24,71.76,1,1,12,73.18,930.18,NAO_DISPONIVEL
OP01103,ENERGIA,48.43,4.126,151.34,86.63,77.96,3,0,35,79.56,1208.41,NAO_DISPONIVEL
OP01104,TRANSITO,,0.785,84.05,35.37,48.37,0,0,38,80.04,1194.02,NAO_DISPONIVEL
OP01105,AGUA,43.95,2.807,103.79,15.3,51.4,2,0,26,59.25,701.69,NAO_DISPONIVEL
OP01106,ENERGIA,61.12,3.362,129.88,44.63,85.41,3,0,99,63.21,921.16,NAO_DISPONIVEL
OP01107,TELECOM,53.75,4.473,161.53,33.3,91.29,5,1,32,61.21,1417.61,NAO_DISPONIVEL
OP01108,TELECOM,46.3,3.278,116.78,28.5,64.06,1,1,15,63.86,1302.89,NAO_DISPONIVEL
OP01109,TRANSITO,,3.384,136.7,9.56,68.02,1,2,70,74.03,1142.75,NAO_DISPONIVEL
OP01110,ENERGIA,51.41,,48.84,31.23,36.2,1,1,60,63.67,1091.05,NAO_DISPONIVEL
OP01111,ENERGIA,46.75,1.87,107.32,19.21,50.58,4,0,28,80.79,1332.6,NAO_DISPONIVEL
OP01112,TRANSITO,48.31,2.206,88.81,31.29,55.6,0,0,11,54.81,596.42,NAO_DISPONIVEL
OP01113,TELECOM,35.96,2.838,107.43,60.93,34.37,1,0,119,68.12,918.9,NAO_DISPONIVEL
OP01114,SAUDE,43.98,2.442,150.65,31.46,72.76,3,1,14,71.15,1091.86,NAO_DISPONIVEL
OP01115,TELECOM,43.13,1.902,86.46,17.22,39.59,3,1,100,100.0,886.77,NAO_DISPONIVEL
OP01116,TELECOM,55.44,3.478,153.75,,83.68,2,0,63,69.27,1093.16,NAO_DISPONIVEL
OP01117,TELECOM,64.82,4.47,186.55,16.34,98.2,4,0,142,81.92,1464.2,NAO_DISPONIVEL
OP01118,AGUA,48.39,2.965,163.02,90.3,84.03,0,0,79,54.15,1290.13,NAO_DISPONIVEL
OP01119,ENERGIA,44.5,1.836,123.73,137.52,55.01,1,1,136,94.38,930.18,NAO_DISPONIVEL
OP01120,ENERGIA,54.83,3.387,111.61,87.66,64.22,4,1,43,63.11,1175.1,NAO_DISPONIVEL
OP01121,TRANSITO,189.08,2.109,133.57,19.31,61.21,5,0,93,68.72,566.85,NAO_DISPONIVEL
OP01122,SAUDE,,2.845,146.51,16.37,62.2,2,0,115,89.25,1165.32,NAO_DISPONIVEL
OP01123,AGUA,39.0,2.026,142.74,48.57,58.66,4,0,81,40.69,1144.99,NAO_DISPONIVEL
OP01124,SAUDE,42.96,1.46,151.71,39.88,71.44,4,1,36,73.59,858.91,NAO_DISPONIVEL
OP01125,SAUDE,40.92,2.617,76.63,40.66,55.95,8,0,22,58.98,759.37,NAO_DISPONIVEL
OP01126,TRANSITO,49.98,2.307,159.34,31.68,73.64,2,0,90,44.19,1036.73,NAO_DISPONIVEL
OP01127,ENERGIA,45.24,3.347,145.37,68.43,57.48,5,0,137,60.6,1149.19,NAO_DISPONIVEL
OP01128,TELECOM,47.67,4.062,122.6,34.93,67.57,5,0,24,52.65,1234.26,NAO_DISPONIVEL
OP01129,SAUDE,36.87,2.241,120.03,35.73,68.42,6,0,115,67.75,1284.97,NAO_DISPONIVEL
OP01130,TELECOM,61.48,3.281,183.34,23.38,94.27,5,0,136,87.6,1465.88,NAO_DISPONIVEL
OP01131,SAUDE,35.44,8.129,125.2,8.01,44.92,2,0,123,62.2,667.34,NAO_DISPONIVEL
OP01132,TRANSITO,51.22,3.092,92.74,22.17,53.97,8,1,16,77.59,1091.59,NAO_DISPONIVEL
OP01133,AGUA,103.85,3.775,135.68,15.41,58.35,2,0,58,70.27,913.83,NAO_DISPONIVEL
OP01134,TELECOM,50.08,2.619,137.73,,81.7,3,0,15,75.23,1090.59,NAO_DISPONIVEL
OP01135,ENERGIA,48.43,4.699,116.79,26.47,67.43,1,0,72,74.25,851.38,NAO_DISPONIVEL
OP01136,SAUDE,50.1,2.351,185.18,66.56,95.3,2,2,139,73.45,1249.62,NAO_DISPONIVEL
OP01137,ENERGIA,62.65,9.242,142.69,27.34,82.81,3,2,88,73.38,1356.5,NAO_DISPONIVEL
OP01138,AGUA,,3.437,112.01,37.54,54.48,1,0,116,72.37,1259.22,NAO_DISPONIVEL
OP01139,TELECOM,47.92,,126.86,26.94,84.92,6,0,29,68.91,1291.8,NAO_DISPONIVEL
OP01140,TRANSITO,49.45,2.445,148.08,32.1,80.38,3,0,87,75.39,1421.48,NAO_DISPONIVEL
OP01141,TELECOM,57.65,1.915,171.05,19.8,95.54,5,0,63,58.73,1521.91,NAO_DISPONIVEL
OP01142,ENERGIA,44.4,1.614,142.76,15.79,61.48,6,0,48,56.17,926.38,NAO_DISPONIVEL
OP01143,AGUA,38.51,1.861,126.89,31.38,39.59,1,0,134,88.61,1018.61,NAO_DISPONIVEL
OP01144,TRANSITO,41.31,1.53,140.5,85.2,92.82,8,0,14,55.86,1485.14,NAO_DISPONIVEL
OP01145,AGUA,33.77,1.286,88.68,37.41,37.89,1,0,131,63.2,881.93,NAO_DISPONIVEL
OP01146,ENERGIA,49.73,3.822,127.24,61.92,64.82,2,1,98,74.99,1213.72,NAO_DISPONIVEL
OP01147,TRANSITO,46.4,3.327,77.26,42.57,40.22,4,1,107,74.15,845.07,NAO_DISPONIVEL
OP01148,TRANSITO,45.55,2.788,109.16,38.6,56.95,3,1,84,71.61,1101.45,NAO_DISPONIVEL
OP01149,ENERGIA,49.82,3.64,112.56,62.59,53.96,3,0,57,86.97,1093.89,NAO_DISPONIVEL
OP01150,TRANSITO,49.37,2.629,107.14,54.19,64.39,4,0,72,62.56,1100.96,NAO_DISPONIVEL
OP01151,TRANSITO,45.2,3.771,93.3,76.76,66.37,2,0,31,50.44,1212.53,NAO_DISPONIVEL
OP01152,TRANSITO,45.99,3.529,105.44,70.53,58.4,5,0,16,79.91,1386.42,NAO_DISPONIVEL
OP01153,TRANSITO,50.36,1.578,144.18,49.11,94.02,1,2,27,100.0,1612.95,NAO_DISPONIVEL
OP01154,AGUA,,,65.55,72.36,36.34,1,0,85,61.7,775.83,NAO_DISPONIVEL
OP01155,TRANSITO,41.98,3.304,141.53,28.68,66.49,5,0,64,48.98,1149.76,NAO_DISPONIVEL
OP01156,TELECOM,53.01,2.447,122.64,22.14,62.66,5,0,62,43.05,1235.01,NAO_DISPONIVEL
OP01157,TELECOM,49.83,0.876,74.33,97.28,47.84,3,2,82,45.92,849.53,NAO_DISPONIVEL
OP01158,ENERGIA,157.31,3.867,139.61,32.03,81.71,5,0,108,77.45,1174.68,NAO_DISPONIVEL
OP01159,ENERGIA,39.15,4.13,85.93,36.67,30.08,2,0,60,81.19,563.23,NAO_DISPONIVEL
OP01160,ENERGIA,,2.678,126.48,2.0,74.06,0,0,52,80.08,972.88,NAO_DISPONIVEL
OP01161,AGUA,33.11,4.246,134.97,30.0,70.74,6,0,118,91.23,1267.44,NAO_DISPONIVEL
OP01162,TELECOM,51.6,1.526,154.23,24.45,62.31,2,1,121,56.96,1056.85,NAO_DISPONIVEL
OP01163,TELECOM,43.22,3.658,99.86,50.63,63.38,2,1,19,78.76,1111.64,NAO_DISPONIVEL
OP01164,TRANSITO,49.73,1.921,142.98,20.33,68.37,2,0,135,67.97,1034.7,NAO_DISPONIVEL
OP01165,ENERGIA,53.17,2.022,103.83,36.43,67.16,1,0,18,40.73,955.51,NAO_DISPONIVEL
OP01166,AGUA,43.57,,128.08,25.73,50.46,1,0,103,78.24,1063.45,NAO_DISPONIVEL
OP01167,AGUA,44.68,3.206,173.06,43.93,70.96,3,0,124,26.96,1228.96,NAO_DISPONIVEL
OP01168,TRANSITO,43.17,2.086,85.4,6.53,23.13,1,1,85,74.11,471.25,NAO_DISPONIVEL
OP01169,AGUA,46.39,4.114,160.08,2.0,85.39,4,2,87,36.08,1560.81,NAO_DISPONIVEL
OP01170,TRANSITO,48.87,3.015,160.29,66.6,91.07,6,0,77,65.94,1275.74,NAO_DISPONIVEL
OP01171,AGUA,45.86,3.036,107.55,65.28,59.27,1,0,37,25.31,1047.91,NAO_DISPONIVEL
OP01172,TRANSITO,58.04,3.349,155.3,15.04,58.78,3,0,34,66.29,1087.79,NAO_DISPONIVEL
OP01173,ENERGIA,54.93,5.806,151.47,9.67,100.0,1,0,8,51.87,1617.27,NAO_DISPONIVEL
OP01174,TELECOM,107.42,4.096,142.13,58.17,75.6,4,0,34,73.82,974.04,NAO_DISPONIVEL
OP01175,TRANSITO,,2.557,99.2,11.56,52.84,3,0,69,72.04,827.86,NAO_DISPONIVEL
OP01176,ENERGIA,56.99,3.644,165.38,,88.31,4,1,95,59.16,1474.31,NAO_DISPONIVEL
OP01177,SAUDE,39.35,4.229,112.89,11.33,77.38,2,0,63,68.16,1219.02,NAO_DISPONIVEL
OP01178,TRANSITO,38.12,1.467,86.92,19.05,28.48,3,0,55,89.12,793.15,NAO_DISPONIVEL
OP01179,AGUA,34.66,2.392,108.54,20.2,51.2,4,0,25,61.68,1189.97,NAO_DISPONIVEL
OP01180,ENERGIA,129.1,2.686,81.41,31.73,28.18,1,1,41,81.12,799.34,NAO_DISPONIVEL
OP01181,TRANSITO,51.83,1.913,165.28,54.65,86.0,1,0,101,71.13,1216.21,NAO_DISPONIVEL
OP01182,TRANSITO,46.82,2.141,81.59,23.47,51.85,4,0,15,27.98,829.86,NAO_DISPONIVEL
OP01183,TRANSITO,58.25,2.799,99.81,35.76,67.61,2,0,8,60.89,1021.93,NAO_DISPONIVEL
OP01184,AGUA,40.84,3.998,111.93,72.84,68.05,2,0,44,76.08,1229.68,NAO_DISPONIVEL
OP01185,AGUA,41.18,3.405,132.71,,75.99,3,3,41,50.4,940.42,NAO_DISPONIVEL
OP01186,TRANSITO,53.84,3.403,147.24,78.3,68.22,3,0,29,40.58,1100.99,NAO_DISPONIVEL
OP01187,AGUA,41.19,3.375,154.35,68.57,61.65,3,0,40,59.61,1170.67,NAO_DISPONIVEL
OP01188,AGUA,30.96,2.788,115.41,23.07,43.1,1,0,58,71.3,926.35,NAO_DISPONIVEL
OP01189,TRANSITO,,1.869,86.02,155.26,48.79,2,0,105,59.12,909.46,NAO_DISPONIVEL
OP01190,AGUA,44.68,2.245,123.06,45.06,68.94,4,1,78,80.12,1142.77,NAO_DISPONIVEL
OP01191,AGUA,50.07,4.179,146.89,33.46,74.7,3,0,129,60.6,1219.89,NAO_DISPONIVEL
OP01192,AGUA,35.49,2.623,78.95,131.38,45.87,3,0,24,78.0,1559.78,NAO_DISPONIVEL
OP01193,TRANSITO,43.81,2.076,112.11,57.55,62.45,7,1,118,66.53,1051.42,NAO_DISPONIVEL
OP01194,TELECOM,42.18,1.369,121.88,45.28,70.3,2,0,11,42.23,1423.87,NAO_DISPONIVEL
OP01195,TRANSITO,43.87,3.493,86.81,40.2,58.69,1,4,50,42.16,1235.31,NAO_DISPONIVEL
OP01196,TRANSITO,41.41,2.382,134.99,92.47,71.0,3,1,32,63.97,1390.6,NAO_DISPONIVEL
OP01197,AGUA,42.67,2.113,97.43,25.34,49.97,0,0,105,62.71,519.34,NAO_DISPONIVEL
OP01198,SAUDE,38.82,2.408,164.64,26.69,100.0,3,2,41,71.24,1768.58,NAO_DISPONIVEL
OP01199,AGUA,33.45,2.377,143.58,47.33,55.14,3,1,25,59.89,825.78,NAO_DISPONIVEL
OP01200,AGUA,48.41,1.987,159.37,38.83,69.56,0,1,137,72.82,979.35,NAO_DISPONIVEL
